{
"type": "FeatureCollection",
"name": "品目3_4326",
"crs": { "type": "name", "properties": { "name": "urn:ogc:def:crs:OGC:1.3:CRS84" } },
"features": [
{ "type": "Feature", "properties": { "OBJECTID": 1, "東西列No": "西B8", "品目": 4, "名前": "川岸弘明", "面積": 2350 }, "geometry": { "type": "MultiPolygon", "coordinates": [ [ [ [ 137.01616824673701, 36.674264449822111 ], [ 137.016703577540966, 36.674169649766917 ], [ 137.016694750852224, 36.674065538598278 ], [ 137.016698926585434, 36.674041138788098 ], [ 137.016777482376995, 36.673911813314618 ], [ 137.016787810252254, 36.673888043086265 ], [ 137.016788337816251, 36.673881383725742 ], [ 137.015708911272498, 36.674080605146315 ], [ 137.015774315178902, 36.674316171702834 ], [ 137.016148879537951, 36.674218850594052 ], [ 137.01616824673701, 36.674264449822111 ] ] ] ] } },
{ "type": "Feature", "properties": { "OBJECTID": 2, "東西列No": "西B7", "品目": 4, "名前": "川岸弘明", "面積": 2910 }, "geometry": { "type": "MultiPolygon", "coordinates": [ [ [ [ 137.015708911272498, 36.674080605146315 ], [ 137.016788337816251, 36.673881383725742 ], [ 137.016789538176624, 36.67386240551847 ], [ 137.016719373850151, 36.673616761456756 ], [ 137.015633552677144, 36.673821002969248 ], [ 137.015708911272498, 36.674080605146315 ] ] ] ] } },
{ "type": "Feature", "properties": { "OBJECTID": 3, "東西列No": "西B6", "品目": 4, "名前": "川岸弘明", "面積": 2900 }, "geometry": { "type": "MultiPolygon", "coordinates": [ [ [ [ 137.015633552677144, 36.673821002969248 ], [ 137.016719373850151, 36.673616761456756 ], [ 137.016643917877389, 36.673353933401081 ], [ 137.015559071333996, 36.673553588258912 ], [ 137.015633552677144, 36.673821002969248 ] ] ] ] } },
{ "type": "Feature", "properties": { "OBJECTID": 4, "東西列No": "西A12", "品目": 83, "名前": "川岸弘明", "面積": 2500 }, "geometry": { "type": "MultiPolygon", "coordinates": [ [ [ [ 137.017221635364535, 36.674351167062646 ], [ 137.018206442113325, 36.67417071263047 ], [ 137.01815065033648, 36.673977069773606 ], [ 137.018134410978945, 36.673939216255711 ], [ 137.018122555368279, 36.673925665126461 ], [ 137.018112075150697, 36.673918316113429 ], [ 137.01809315978727, 36.673916472050045 ], [ 137.01714838948763, 36.674095524862537 ], [ 137.017221635364535, 36.674351167062646 ] ] ] ] } },
{ "type": "Feature", "properties": { "OBJECTID": 5, "東西列No": "西C9", "品目": 14, "名前": "川岸弘明", "面積": 2830 }, "geometry": { "type": "MultiPolygon", "coordinates": [ [ [ [ 137.014698111561984, 36.674823484849782 ], [ 137.015777282835387, 36.674618396344634 ], [ 137.015704379824655, 36.674361374838654 ], [ 137.014619902482451, 36.674552613165964 ], [ 137.014698111561984, 36.674823484849782 ] ] ] ] } },
{ "type": "Feature", "properties": { "OBJECTID": 6, "東西列No": "西C8", "品目": 14, "名前": "川岸弘明", "面積": 2860 }, "geometry": { "type": "MultiPolygon", "coordinates": [ [ [ [ 137.014621524856778, 36.674558247868816 ], [ 137.015704379824655, 36.674361374838654 ], [ 137.015628725501188, 36.674092669962285 ], [ 137.014545602096405, 36.674297004084821 ], [ 137.014621524856778, 36.674558247868816 ] ] ] ] } },
{ "type": "Feature", "properties": { "OBJECTID": 7, "東西列No": "西C7", "品目": 14, "名前": "川岸弘明", "面積": 2850 }, "geometry": { "type": "MultiPolygon", "coordinates": [ [ [ [ 137.014545602096405, 36.674297004084821 ], [ 137.015628725501188, 36.674092669962285 ], [ 137.01555699435383, 36.673831900750542 ], [ 137.014469916604668, 36.674034841299161 ], [ 137.014545602096405, 36.674297004084821 ] ] ] ] } },
{ "type": "Feature", "properties": { "OBJECTID": 8, "東西列No": "西A9", "品目": 83, "名前": "川岸弘明", "面積": 2430 }, "geometry": { "type": "MultiPolygon", "coordinates": [ [ [ [ 137.016860449112471, 36.673867433431369 ], [ 137.018035984061697, 36.67365152278235 ], [ 137.017977770192317, 36.673478595882052 ], [ 137.017300867159548, 36.673605569034947 ], [ 137.01729305163002, 36.673510453356165 ], [ 137.016791453376698, 36.673607533562475 ], [ 137.016841703685429, 36.673777963647389 ], [ 137.016860598148639, 36.673859809287677 ], [ 137.016860449112471, 36.673867433431369 ] ] ] ] } },
{ "type": "Feature", "properties": { "OBJECTID": 9, "東西列No": "西A10", "品目": 85, "名前": "川岸弘明", "面積": 490 }, "geometry": { "type": "MultiPolygon", "coordinates": [ [ [ [ 137.017892011262461, 36.673922006774902 ], [ 137.01808553436797, 36.673884883746268 ], [ 137.018097426837585, 36.673879256938406 ], [ 137.018101655188957, 36.673867987936219 ], [ 137.018098729033852, 36.673847878041038 ], [ 137.018035984061697, 36.67365152278235 ], [ 137.017814240358717, 36.673691296102085 ], [ 137.017892011262461, 36.673922006774902 ] ] ] ] } },
{ "type": "Feature", "properties": { "OBJECTID": 10, "東西列No": "西A5", "品目": 83, "名前": "押川宗成", "面積": 930 }, "geometry": { "type": "MultiPolygon", "coordinates": [ [ [ [ 137.017227494616549, 36.672819756227135 ], [ 137.017715785934001, 36.672774369604625 ], [ 137.017738808883394, 36.672772304860359 ], [ 137.01767156060788, 36.672571178986999 ], [ 137.017661648989275, 36.672559171329688 ], [ 137.017649542515358, 36.67255402823217 ], [ 137.017626535864963, 36.672550574801178 ], [ 137.017559107816624, 36.672561737641274 ], [ 137.017240956597362, 36.672609905701684 ], [ 137.017214272423985, 36.67261633397527 ], [ 137.017206899392676, 36.672622254759048 ], [ 137.017205882136153, 36.672633392578504 ], [ 137.017208291037804, 36.672660495328081 ], [ 137.017227494616549, 36.672819756227135 ] ] ] ] } },
{ "type": "Feature", "properties": { "OBJECTID": 11, "東西列No": "西A2", "品目": 83, "名前": "押川竹弘", "面積": 3090 }, "geometry": { "type": "MultiPolygon", "coordinates": [ [ [ [ 137.017566412090929, 36.672023167851435 ], [ 137.017589856761532, 36.67201869830339 ], [ 137.01759337076524, 36.671740921005799 ], [ 137.016377782832336, 36.671971646999879 ], [ 137.01639192046656, 36.672077080712889 ], [ 137.016402648729667, 36.672238584117594 ], [ 137.017028768805204, 36.672118671882842 ], [ 137.017224033624075, 36.672081273048491 ], [ 137.017566412090929, 36.672023167851435 ] ] ] ] } },
{ "type": "Feature", "properties": { "OBJECTID": 12, "東西列No": "西B1", "品目": 4, "名前": "押川竹弘", "面積": 2880 }, "geometry": { "type": "MultiPolygon", "coordinates": [ [ [ [ 137.016298514376899, 36.671996429665789 ], [ 137.015218651861375, 36.672191149086309 ], [ 137.015208859369665, 36.672232746025387 ], [ 137.015204561437287, 36.672256514779967 ], [ 137.015203417637792, 36.672286406839071 ], [ 137.015207701601298, 36.672326850091274 ], [ 137.015230298375059, 36.672413774592826 ], [ 137.01524248943943, 36.672455588741464 ], [ 137.016318520338444, 36.672254014997314 ], [ 137.016309726709892, 36.672121785700405 ], [ 137.016298514376899, 36.671996429665789 ] ] ] ] } },
{ "type": "Feature", "properties": { "OBJECTID": 13, "東西列No": "西B2", "品目": 4, "名前": "山本信治", "面積": 2900 }, "geometry": { "type": "MultiPolygon", "coordinates": [ [ [ [ 137.016318520338444, 36.672254014997314 ], [ 137.01524248943943, 36.672455588741464 ], [ 137.015320713200822, 36.672724720773509 ], [ 137.016403040019583, 36.672526416700684 ], [ 137.016318520338444, 36.672254014997314 ] ] ] ] } },
{ "type": "Feature", "properties": { "OBJECTID": 14, "東西列No": "西B3", "品目": 4, "名前": "山本信治", "面積": 2750 }, "geometry": { "type": "MultiPolygon", "coordinates": [ [ [ [ 137.015389000005626, 36.672960927518844 ], [ 137.015396262944904, 36.67297761474569 ], [ 137.016316529355834, 36.672805830330134 ], [ 137.016466863648219, 36.672740816663399 ], [ 137.016448692859228, 36.672735963198576 ], [ 137.016429691514332, 36.672628892157576 ], [ 137.016403040019583, 36.672526416700684 ], [ 137.015320713200822, 36.672724720773509 ], [ 137.015389000005626, 36.672960927518844 ] ] ] ] } },
{ "type": "Feature", "properties": { "OBJECTID": 15, "東西列No": "東G2", "品目": 2, "名前": "押川竹弘", "面積": 3070 }, "geometry": { "type": "MultiPolygon", "coordinates": [ [ [ [ 137.019161426594792, 36.672566833213168 ], [ 137.019140520356757, 36.6722015062238 ], [ 137.01894393159796, 36.672235355745613 ], [ 137.018242400722073, 36.672376497975726 ], [ 137.01834865610914, 36.672729440504192 ], [ 137.019161426594792, 36.672566833213168 ] ] ] ] } },
{ "type": "Feature", "properties": { "OBJECTID": 16, "東西列No": "東G3", "品目": 2, "名前": "押川宗成", "面積": 2820 }, "geometry": { "type": "MultiPolygon", "coordinates": [ [ [ [ 137.019180786575362, 36.672933483057079 ], [ 137.019161426594792, 36.672566833213168 ], [ 137.01834865610914, 36.672729440504192 ], [ 137.018456906375718, 36.673086927555943 ], [ 137.019180786575362, 36.672933483057079 ] ] ] ] } },
{ "type": "Feature", "properties": { "OBJECTID": 17, "東西列No": "東F1", "品目": 2, "名前": "山本亮二", "面積": 4820 }, "geometry": { "type": "MultiPolygon", "coordinates": [ [ [ [ 137.019263258476855, 36.672561889024401 ], [ 137.019267594190467, 36.672915349809372 ], [ 137.020386961143799, 36.672679131970739 ], [ 137.020374159188805, 36.672444366091291 ], [ 137.019244141876186, 36.67220707791698 ], [ 137.019263258476855, 36.672561889024401 ] ] ] ] } },
{ "type": "Feature", "properties": { "OBJECTID": 18, "東西列No": "東F21", "品目": 23, "名前": "山本亮二", "面積": 2520 }, "geometry": { "type": "MultiPolygon", "coordinates": [ [ [ [ 137.019755227324197, 36.674681192377889 ], [ 137.020674745476498, 36.674491246259606 ], [ 137.020593938286709, 36.674234452352607 ], [ 137.019739542305473, 36.67440426383002 ], [ 137.019682003520131, 36.674444666668741 ], [ 137.019755227324197, 36.674681192377889 ] ] ] ] } },
{ "type": "Feature", "properties": { "OBJECTID": 19, "東西列No": "西D4", "品目": 2, "名前": "山本信治", "面積": 2910 }, "geometry": { "type": "MultiPolygon", "coordinates": [ [ [ [ 137.013163296178249, 36.673722215959742 ], [ 137.014236785828103, 36.673521784342491 ], [ 137.014162782416463, 36.673269897404353 ], [ 137.014174085315801, 36.67325131067151 ], [ 137.013088759185564, 36.673453375707744 ], [ 137.013094097499277, 36.673469424329014 ], [ 137.013163296178249, 36.673722215959742 ] ] ] ] } },
{ "type": "Feature", "properties": { "OBJECTID": 20, "東西列No": "西D3", "品目": 2, "名前": "山本信治", "面積": 2930 }, "geometry": { "type": "MultiPolygon", "coordinates": [ [ [ [ 137.013070252537403, 36.6734092550874 ], [ 137.01307965978981, 36.673421415681624 ], [ 137.01416515194299, 36.673220044879741 ], [ 137.014148970102724, 36.673199467300662 ], [ 137.014074464571934, 36.672952869820463 ], [ 137.012996566865837, 36.673151455822342 ], [ 137.013070252537403, 36.6734092550874 ] ] ] ] } },
{ "type": "Feature", "properties": { "OBJECTID": 21, "東西列No": "西D2", "品目": 2, "名前": "山本信治", "面積": 2860 }, "geometry": { "type": "MultiPolygon", "coordinates": [ [ [ [ 137.012996566865837, 36.673151455822342 ], [ 137.014074464571934, 36.672952869820463 ], [ 137.014002342486407, 36.672683636659734 ], [ 137.012919986584137, 36.672881125788429 ], [ 137.012996566865837, 36.673151455822342 ] ] ] ] } },
{ "type": "Feature", "properties": { "OBJECTID": 22, "東西列No": "西D34", "品目": 0, "名前": "モリタ", "面積": 0 }, "geometry": { "type": "MultiPolygon", "coordinates": [ [ [ [ 137.015725908315289, 36.678741461170681 ], [ 137.015682061833218, 36.678585836915559 ], [ 137.014609642082945, 36.678782957184019 ], [ 137.014656268244408, 36.678940748303908 ], [ 137.015725908315289, 36.678741461170681 ] ] ] ] } },
{ "type": "Feature", "properties": { "OBJECTID": 23, "東西列No": "西E43", "品目": 0, "名前": "川岸弘明", "面積": 0 }, "geometry": { "type": "MultiPolygon", "coordinates": [ [ [ [ 137.015234677165722, 36.681499869116827 ], [ 137.015158614311247, 36.681237102779448 ], [ 137.014061832270698, 36.681433745390748 ], [ 137.014138971691409, 36.681704832055473 ], [ 137.015234677165722, 36.681499869116827 ] ] ] ] } },
{ "type": "Feature", "properties": { "OBJECTID": 24, "東西列No": "西F43", "品目": 0, "名前": "川岸弘明", "面積": 0 }, "geometry": { "type": "MultiPolygon", "coordinates": [ [ [ [ 137.012882810572108, 36.681880351229808 ], [ 137.01287865961686, 36.681936446808464 ], [ 137.013003977543946, 36.68191428536786 ], [ 137.014069860222918, 36.681714251383248 ], [ 137.014043280530103, 36.681620760809921 ], [ 137.013993265505945, 36.681445084971372 ], [ 137.012900323777586, 36.681643154734978 ], [ 137.012885961552911, 36.681837574389569 ], [ 137.012882810572108, 36.681880351229808 ] ] ] ] } },
{ "type": "Feature", "properties": { "OBJECTID": 25, "東西列No": "西F38", "品目": 0, "名前": "モリタ", "面積": 0 }, "geometry": { "type": "MultiPolygon", "coordinates": [ [ [ [ 137.012920186915892, 36.680494980993835 ], [ 137.013681971824639, 36.680355597050401 ], [ 137.013605757795034, 36.680093298117519 ], [ 137.012912097975033, 36.68022478475072 ], [ 137.012920186915892, 36.680494980993835 ] ] ] ] } },
{ "type": "Feature", "properties": { "OBJECTID": 26, "東西列No": "西F31", "品目": 0, "名前": "モリタ", "面積": 0 }, "geometry": { "type": "MultiPolygon", "coordinates": [ [ [ [ 137.01314481640344, 36.678501672409354 ], [ 137.013078120202124, 36.678259942169369 ], [ 137.012886936195713, 36.678295636111898 ], [ 137.012862679832438, 36.678300958035798 ], [ 137.012861472582955, 36.678390321496316 ], [ 137.012865308191436, 36.678548751989595 ], [ 137.012884430225512, 36.678548452245238 ], [ 137.01314481640344, 36.678501672409354 ] ] ] ] } },
{ "type": "Feature", "properties": { "OBJECTID": 27, "東西列No": "西D8", "品目": 2, "名前": "川岸弘明", "面積": 2910 }, "geometry": { "type": "MultiPolygon", "coordinates": [ [ [ [ 137.014539188805543, 36.674571075242099 ], [ 137.014463043988542, 36.674309101133559 ], [ 137.013389598555165, 36.674510219737897 ], [ 137.013463775163387, 36.674770002021333 ], [ 137.014539188805543, 36.674571075242099 ] ] ] ] } },
{ "type": "Feature", "properties": { "OBJECTID": 28, "東西列No": "西D9", "品目": 2, "名前": "川岸弘明", "面積": 4000 }, "geometry": { "type": "MultiPolygon", "coordinates": [ [ [ [ 137.014539188805543, 36.674571075242099 ], [ 137.013463775163387, 36.674770002021333 ], [ 137.013528692888883, 36.674988036799263 ], [ 137.013579551051066, 36.674995293930429 ], [ 137.014084632230208, 36.6750220685255 ], [ 137.01467204041208, 36.675046738089996 ], [ 137.014539188805543, 36.674571075242099 ] ] ] ] } },
{ "type": "Feature", "properties": { "OBJECTID": 29, "東西列No": "西D21", "品目": 2, "名前": "川岸弘明", "面積": 3170 }, "geometry": { "type": "MultiPolygon", "coordinates": [ [ [ [ 137.013688649975961, 36.675558796336617 ], [ 137.014763818103205, 36.675359155286181 ], [ 137.014701016561361, 36.675132679451252 ], [ 137.014539041211833, 36.675129093071945 ], [ 137.013935406896252, 36.675100130255082 ], [ 137.013930521634819, 36.675109442614335 ], [ 137.013952928852035, 36.675257992561377 ], [ 137.013622254032498, 36.675324042118206 ], [ 137.013688649975961, 36.675558796336617 ] ] ] ] } },
{ "type": "Feature", "properties": { "OBJECTID": 30, "東西列No": "西D25", "品目": 9, "名前": "川岸豊", "面積": 2910 }, "geometry": { "type": "MultiPolygon", "coordinates": [ [ [ [ 137.013987461006053, 36.676608543286655 ], [ 137.015063610152822, 36.676406368406539 ], [ 137.01498988750717, 36.676145479260477 ], [ 137.013913907599658, 36.676348681095561 ], [ 137.013987461006053, 36.676608543286655 ] ] ] ] } },
{ "type": "Feature", "properties": { "OBJECTID": 31, "東西列No": "西C24", "品目": 14, "名前": "星野修", "面積": 2880 }, "geometry": { "type": "MultiPolygon", "coordinates": [ [ [ [ 137.015063108649741, 36.676131648634509 ], [ 137.016149010224183, 36.675926556379238 ], [ 137.016076207717106, 36.675668372706959 ], [ 137.015050857040876, 36.675858157575682 ], [ 137.014986881581564, 36.675869999261053 ], [ 137.015063108649741, 36.676131648634509 ] ] ] ] } },
{ "type": "Feature", "properties": { "OBJECTID": 32, "東西列No": "西C23", "品目": 14, "名前": "星野修", "面積": 2870 }, "geometry": { "type": "MultiPolygon", "coordinates": [ [ [ [ 137.014986881581564, 36.675869999261053 ], [ 137.015050857040876, 36.675858157575682 ], [ 137.016076207717106, 36.675668372706959 ], [ 137.01600043365292, 36.675396648881602 ], [ 137.014910871830978, 36.675600500470793 ], [ 137.014986881581564, 36.675869999261053 ] ] ] ] } },
{ "type": "Feature", "properties": { "OBJECTID": 33, "東西列No": "西C22", "品目": 14, "名前": "星野修", "面積": 2880 }, "geometry": { "type": "MultiPolygon", "coordinates": [ [ [ [ 137.014910871830978, 36.675600500470793 ], [ 137.01600043365292, 36.675396648881602 ], [ 137.015927343395362, 36.675143097008096 ], [ 137.014837494546043, 36.675346704245136 ], [ 137.014910871830978, 36.675600500470793 ] ] ] ] } },
{ "type": "Feature", "properties": { "OBJECTID": 34, "東西列No": "西C10", "品目": 14, "名前": "星野修", "面積": 1640 }, "geometry": { "type": "MultiPolygon", "coordinates": [ [ [ [ 137.01526825545082, 36.675002175145984 ], [ 137.015826285207197, 36.67494586300765 ], [ 137.015845647815581, 36.674936487795925 ], [ 137.015857471702816, 36.674926039593828 ], [ 137.015862854168688, 36.674914078194824 ], [ 137.015777282835387, 36.674618396344634 ], [ 137.015216441023028, 36.674723523825939 ], [ 137.01526825545082, 36.675002175145984 ] ] ] ] } },
{ "type": "Feature", "properties": { "OBJECTID": 35, "東西列No": "西B11", "品目": 4, "名前": "星野修", "面積": 1300 }, "geometry": { "type": "MultiPolygon", "coordinates": [ [ [ [ 137.015950140374827, 36.674927445654603 ], [ 137.015971069865003, 36.674929256558094 ], [ 137.016296809187395, 36.674896593490203 ], [ 137.016306608730673, 36.674891495940145 ], [ 137.016306635877072, 36.674877545073088 ], [ 137.016227236348243, 36.674531357894239 ], [ 137.015846502209399, 36.674567528988284 ], [ 137.015942850391099, 36.674907834871533 ], [ 137.015950140374827, 36.674927445654603 ] ] ] ] } },
{ "type": "Feature", "properties": { "OBJECTID": 36, "東西列No": "西B22", "品目": 14, "名前": "川岸豊", "面積": 2790 }, "geometry": { "type": "MultiPolygon", "coordinates": [ [ [ [ 137.01724557731427, 36.67545074082728 ], [ 137.01718194609208, 36.675389089557314 ], [ 137.017159190343733, 36.675348055438057 ], [ 137.017103388863518, 36.675195030148117 ], [ 137.01607181581258, 36.675384473552704 ], [ 137.016151865984028, 36.675655193370602 ], [ 137.01724557731427, 36.67545074082728 ] ] ] ] } },
{ "type": "Feature", "properties": { "OBJECTID": 37, "東西列No": "西B23", "品目": 14, "名前": "川岸豊", "面積": 2900 }, "geometry": { "type": "MultiPolygon", "coordinates": [ [ [ [ 137.016225193264091, 36.675914053576037 ], [ 137.017325076129652, 36.675707877767039 ], [ 137.017257807442093, 36.675461588847483 ], [ 137.01724557731427, 36.67545074082728 ], [ 137.016151865984028, 36.675655193370602 ], [ 137.016225193264091, 36.675914053576037 ] ] ] ] } },
{ "type": "Feature", "properties": { "OBJECTID": 38, "東西列No": "西B24", "品目": 14, "名前": "星野修", "面積": 2900 }, "geometry": { "type": "MultiPolygon", "coordinates": [ [ [ [ 137.017402694367803, 36.67597735901191 ], [ 137.017325076129652, 36.675707877767039 ], [ 137.016225193264091, 36.675914053576037 ], [ 137.016301054970626, 36.676181649755357 ], [ 137.017402694367803, 36.67597735901191 ] ] ] ] } },
{ "type": "Feature", "properties": { "OBJECTID": 39, "東西列No": "西B26", "品目": 14, "名前": "松井宏道", "面積": 2860 }, "geometry": { "type": "MultiPolygon", "coordinates": [ [ [ [ 137.016453699665021, 36.676709921721312 ], [ 137.01741162248274, 36.676533477521588 ], [ 137.017525500216607, 36.676451077380428 ], [ 137.017529722513871, 36.676443061803148 ], [ 137.017475398814668, 36.676236623206798 ], [ 137.01637487759956, 36.676439447031619 ], [ 137.016453699665021, 36.676709921721312 ] ] ] ] } },
{ "type": "Feature", "properties": { "OBJECTID": 40, "東西列No": "西A26", "品目": 83, "名前": "松井宏道", "面積": 3400 }, "geometry": { "type": "MultiPolygon", "coordinates": [ [ [ [ 137.018658860239071, 36.676497390184039 ], [ 137.018590593534697, 36.676127101828612 ], [ 137.018362247432549, 36.676152331243323 ], [ 137.018230169573627, 36.676187116033717 ], [ 137.018190064792947, 36.676102801889563 ], [ 137.017555145708911, 36.676221077891803 ], [ 137.017624978464994, 36.676461394728761 ], [ 137.017614518150168, 36.67647257479917 ], [ 137.017539912958767, 36.676525337997951 ], [ 137.018105001979308, 36.676439292771377 ], [ 137.018162013416543, 36.676575511304186 ], [ 137.018342444016014, 36.676548708556368 ], [ 137.018555289026864, 36.676520963522954 ], [ 137.018630613925808, 36.676512648791807 ], [ 137.018653795735929, 36.676507072013109 ], [ 137.018658860239071, 36.676497390184039 ] ] ] ] } },
{ "type": "Feature", "properties": { "OBJECTID": 41, "東西列No": "西A25", "品目": 83, "名前": "松井宏道", "面積": 1710 }, "geometry": { "type": "MultiPolygon", "coordinates": [ [ [ [ 137.017555145708911, 36.676221077891803 ], [ 137.018190064792947, 36.676102801889563 ], [ 137.018067347190396, 36.675854795061134 ], [ 137.017478966067955, 36.67596521600607 ], [ 137.017555145708911, 36.676221077891803 ] ] ] ] } },
{ "type": "Feature", "properties": { "OBJECTID": 42, "東西列No": "西A24-2", "品目": 83, "名前": "松井宏道", "面積": 1580 }, "geometry": { "type": "MultiPolygon", "coordinates": [ [ [ [ 137.017478966067955, 36.67596521600607 ], [ 137.018067347190396, 36.675854795061134 ], [ 137.018030384407098, 36.675730939206112 ], [ 137.018027050801209, 36.675701600304727 ], [ 137.018028798635925, 36.675677053228569 ], [ 137.018037293686888, 36.67565795794772 ], [ 137.018061025073678, 36.675634114221204 ], [ 137.018084744013919, 36.675622554115535 ], [ 137.018134216702322, 36.675611819203382 ], [ 137.018132051994456, 36.675602975526168 ], [ 137.018125163871588, 36.675560240050352 ], [ 137.017397982111817, 36.675694595053145 ], [ 137.017478966067955, 36.67596521600607 ] ] ] ] } },
{ "type": "Feature", "properties": { "OBJECTID": 43, "東西列No": "西A22", "品目": 0, "名前": "川岸豊", "面積": 0 }, "geometry": { "type": "MultiPolygon", "coordinates": [ [ [ [ 137.018424936737233, 36.675236156013106 ], [ 137.018371583578642, 36.67496042410577 ], [ 137.018180672454264, 36.674993540413119 ], [ 137.017649343252259, 36.675094065839481 ], [ 137.017672783928788, 36.675371824437619 ], [ 137.018424936737233, 36.675236156013106 ] ] ] ] } },
{ "type": "Feature", "properties": { "OBJECTID": 44, "東西列No": "東G27", "品目": 0, "名前": "岡田義巳", "面積": 0 }, "geometry": { "type": "MultiPolygon", "coordinates": [ [ [ [ 137.018940014332401, 36.677075980545943 ], [ 137.019618823601434, 36.676937861443612 ], [ 137.019510659806457, 36.676605718104355 ], [ 137.019514550001503, 36.676583985465818 ], [ 137.018867652780642, 36.67671051784717 ], [ 137.018940014332401, 36.677075980545943 ] ] ] ] } },
{ "type": "Feature", "properties": { "OBJECTID": 45, "東西列No": "東H31", "品目": 1, "名前": "岡田義巳", "面積": 1450 }, "geometry": { "type": "MultiPolygon", "coordinates": [ [ [ [ 137.018964763949725, 36.677514554240837 ], [ 137.01947036822969, 36.677411467789312 ], [ 137.019375802077946, 36.677130215069781 ], [ 137.019360873603858, 36.677125951855253 ], [ 137.019137882730661, 36.677175324064812 ], [ 137.01896659766399, 36.677204978202241 ], [ 137.01893872434016, 36.677206457679311 ], [ 137.018918830909655, 36.677200773333794 ], [ 137.01889151920912, 36.677183553167154 ], [ 137.018964763949725, 36.677514554240837 ] ] ] ] } },
{ "type": "Feature", "properties": { "OBJECTID": 46, "東西列No": "東G34", "品目": 1, "名前": "上野毅", "面積": 3280 }, "geometry": { "type": "MultiPolygon", "coordinates": [ [ [ [ 137.019886664374667, 36.678445194985976 ], [ 137.020773380476385, 36.678265373603615 ], [ 137.02066326650791, 36.677913645465658 ], [ 137.019776331431501, 36.678092934052252 ], [ 137.019886664374667, 36.678445194985976 ] ] ] ] } },
{ "type": "Feature", "properties": { "OBJECTID": 47, "東西列No": "東H35", "品目": 83, "名前": "上野毅", "面積": 2300 }, "geometry": { "type": "MultiPolygon", "coordinates": [ [ [ [ 137.019141600160538, 36.678964575933001 ], [ 137.01981001847011, 36.678827353160642 ], [ 137.019817489564872, 36.678764159782702 ], [ 137.019809936365618, 36.678749289342733 ], [ 137.019809696524248, 36.678461069721187 ], [ 137.019148961343149, 36.67859592279904 ], [ 137.01915109803042, 36.678842228999684 ], [ 137.019141600160538, 36.678964575933001 ] ] ] ] } },
{ "type": "Feature", "properties": { "OBJECTID": 48, "東西列No": "西B39", "品目": 0, "名前": "川岸弘明", "面積": 0 }, "geometry": { "type": "MultiPolygon", "coordinates": [ [ [ [ 137.017421523095379, 36.680034862300971 ], [ 137.018011750396056, 36.679903378027696 ], [ 137.017960539049199, 36.679728936974954 ], [ 137.017964408903651, 36.67971808210276 ], [ 137.017975176041745, 36.679698836469498 ], [ 137.018423052180736, 36.67958900438073 ], [ 137.018421530435035, 36.679583207639645 ], [ 137.01839469416629, 36.67948112003797 ], [ 137.017314432804739, 36.679678508108339 ], [ 137.017421523095379, 36.680034862300971 ] ] ] ] } },
{ "type": "Feature", "properties": { "OBJECTID": 49, "東西列No": "東G4", "品目": 2, "名前": "川岸豊", "面積": 3860 }, "geometry": { "type": "MultiPolygon", "coordinates": [ [ [ [ 137.018167343804322, 36.673504994871472 ], [ 137.019231508414862, 36.673287374363063 ], [ 137.019213630168423, 36.673222860832524 ], [ 137.019199686185146, 36.673166255881263 ], [ 137.019193614759075, 36.67312333220417 ], [ 137.019180786575362, 36.672933483057079 ], [ 137.018456906375718, 36.673086927555943 ], [ 137.018054538948775, 36.67317757294996 ], [ 137.018167343804322, 36.673504994871472 ] ] ] ] } },
{ "type": "Feature", "properties": { "OBJECTID": 50, "東西列No": "東G5", "品目": 2, "名前": "川岸豊", "面積": 3790 }, "geometry": { "type": "MultiPolygon", "coordinates": [ [ [ [ 137.018285865592588, 36.673844632635721 ], [ 137.019338007528773, 36.673632863162609 ], [ 137.019231508414862, 36.673287374363063 ], [ 137.018167343804322, 36.673504994871472 ], [ 137.018285865592588, 36.673844632635721 ] ] ] ] } },
{ "type": "Feature", "properties": { "OBJECTID": 51, "東西列No": "東F4", "品目": 2, "名前": "押川竹弘", "面積": 2070 }, "geometry": { "type": "MultiPolygon", "coordinates": [ [ [ [ 137.019931120976992, 36.673888866342473 ], [ 137.020453062165444, 36.673783083083002 ], [ 137.020442069819353, 36.673614658372884 ], [ 137.020431321179842, 36.673412068657363 ], [ 137.019824710112687, 36.673534803974917 ], [ 137.019870020108698, 36.673684430117959 ], [ 137.019931120976992, 36.673888866342473 ] ] ] ] } },
{ "type": "Feature", "properties": { "OBJECTID": 52, "東西列No": "東F5", "品目": 2, "名前": "押川竹弘", "面積": 3180 }, "geometry": { "type": "MultiPolygon", "coordinates": [ [ [ [ 137.019827532588721, 36.674317999321261 ], [ 137.020574514493575, 36.674171251120043 ], [ 137.02056994113957, 36.674156881846621 ], [ 137.020453062165444, 36.673783083083002 ], [ 137.019931120976992, 36.673888866342473 ], [ 137.019945162181585, 36.673935864303665 ], [ 137.019943279460762, 36.673955193178863 ], [ 137.019551965779755, 36.674038505973016 ], [ 137.019621589797225, 36.674261409881225 ], [ 137.019797063420299, 36.674225965093846 ], [ 137.019827532588721, 36.674317999321261 ] ] ] ] } },
{ "type": "Feature", "properties": { "OBJECTID": 53, "東西列No": "東F22", "品目": 23, "名前": "山本亮二", "面積": 3260 }, "geometry": { "type": "MultiPolygon", "coordinates": [ [ [ [ 137.01986325175352, 36.675026952878966 ], [ 137.020783059836248, 36.674839556752289 ], [ 137.020674745476498, 36.674491246259606 ], [ 137.019755227324197, 36.674681192377889 ], [ 137.01986325175352, 36.675026952878966 ] ] ] ] } },
{ "type": "Feature", "properties": { "OBJECTID": 54, "東西列No": "東F23", "品目": 23, "名前": "押川竹弘", "面積": 3260 }, "geometry": { "type": "MultiPolygon", "coordinates": [ [ [ [ 137.020891124300533, 36.675184442181241 ], [ 137.020783059836248, 36.674839556752289 ], [ 137.01986325175352, 36.675026952878966 ], [ 137.019969679697851, 36.67537141353813 ], [ 137.020891124300533, 36.675184442181241 ] ] ] ] } },
{ "type": "Feature", "properties": { "OBJECTID": 55, "東西列No": "東F27", "品目": 23, "名前": "上野毅", "面積": 3250 }, "geometry": { "type": "MultiPolygon", "coordinates": [ [ [ [ 137.020444438293055, 36.67676774523089 ], [ 137.021329671909143, 36.676587715040242 ], [ 137.021220674289253, 36.676235434429856 ], [ 137.020297594070769, 36.676423226392572 ], [ 137.020401509360511, 36.676755390849031 ], [ 137.020444438293055, 36.67676774523089 ] ] ] ] } },
{ "type": "Feature", "properties": { "OBJECTID": 56, "東西列No": "東F26", "品目": 23, "名前": "上野毅", "面積": 3260 }, "geometry": { "type": "MultiPolygon", "coordinates": [ [ [ [ 137.020297594070769, 36.676423226392572 ], [ 137.021220674289253, 36.676235434429856 ], [ 137.02111327316905, 36.675887278736838 ], [ 137.020188551151222, 36.676075608595049 ], [ 137.020297594070769, 36.676423226392572 ] ] ] ] } },
{ "type": "Feature", "properties": { "OBJECTID": 57, "東西列No": "東E26", "品目": 4, "名前": "岡田義巳", "面積": 3230 }, "geometry": { "type": "MultiPolygon", "coordinates": [ [ [ [ 137.021303188764705, 36.676217330517055 ], [ 137.021784359077117, 36.676119287265372 ], [ 137.021780767801005, 36.676107260609463 ], [ 137.022190939432619, 36.676013283940499 ], [ 137.022084969849033, 36.675688367023568 ], [ 137.021195675940703, 36.675868895382116 ], [ 137.021303188764705, 36.676217330517055 ] ] ] ] } },
{ "type": "Feature", "properties": { "OBJECTID": 58, "東西列No": "東E24", "品目": 4, "名前": "柴田満彦", "面積": 2750 }, "geometry": { "type": "MultiPolygon", "coordinates": [ [ [ [ 137.021977379126099, 36.675337018818475 ], [ 137.021852844663584, 36.674954163933457 ], [ 137.021672550205921, 36.674994517530337 ], [ 137.021716475256511, 36.675131511540641 ], [ 137.021244803648727, 36.675244706652869 ], [ 137.021198305545028, 36.67511394577857 ], [ 137.021181578211355, 36.675064568172118 ], [ 137.02095460549836, 36.675105828855123 ], [ 137.020971758145976, 36.675160388133001 ], [ 137.021084245968837, 36.675515705907564 ], [ 137.021977379126099, 36.675337018818475 ] ] ] ] } },
{ "type": "Feature", "properties": { "OBJECTID": 59, "東西列No": "東保境2", "品目": 83, "名前": "柴田満彦", "面積": 1580 }, "geometry": { "type": "MultiPolygon", "coordinates": [ [ [ [ 137.021312887582894, 36.672554247882232 ], [ 137.021537350309302, 36.67251038430976 ], [ 137.02153287226497, 36.672340376944497 ], [ 137.020442218481008, 36.672341746479695 ], [ 137.020443141562879, 36.672374218621812 ], [ 137.021312887582894, 36.672554247882232 ] ] ] ] } },
{ "type": "Feature", "properties": { "OBJECTID": 60, "東西列No": "東D1", "品目": 7, "名前": "柴田満彦", "面積": 1420 }, "geometry": { "type": "MultiPolygon", "coordinates": [ [ [ [ 137.021391475863311, 36.672843122149267 ], [ 137.022017906209186, 36.672720322694246 ], [ 137.02197278867115, 36.67255501542023 ], [ 137.021376169825402, 36.672674690432252 ], [ 137.021358192937782, 36.672681988219757 ], [ 137.021391475863311, 36.672843122149267 ] ] ] ] } },
{ "type": "Feature", "properties": { "OBJECTID": 61, "東西列No": "東保境1", "品目": 83, "名前": "柴田満彦", "面積": 3630 }, "geometry": { "type": "MultiPolygon", "coordinates": [ [ [ [ 137.021610842884883, 36.672517570965681 ], [ 137.02309927369501, 36.672219195733604 ], [ 137.023068482439697, 36.67210015231057 ], [ 137.021599724163337, 36.672130928006425 ], [ 137.021610842884883, 36.672517570965681 ] ] ] ] } },
{ "type": "Feature", "properties": { "OBJECTID": 62, "東西列No": "東C2", "品目": 7, "名前": "柴田満彦", "面積": 2630 }, "geometry": { "type": "MultiPolygon", "coordinates": [ [ [ [ 137.023256846552044, 36.672837722635698 ], [ 137.023167647436253, 36.672541654072674 ], [ 137.022326315314217, 36.672732381221444 ], [ 137.022412935911177, 36.673011702585875 ], [ 137.023256846552044, 36.672837722635698 ] ] ] ] } },
{ "type": "Feature", "properties": { "OBJECTID": 63, "東西列No": "東D4", "品目": 23, "名前": "柴田篤志", "面積": 3600 }, "geometry": { "type": "MultiPolygon", "coordinates": [ [ [ [ 137.021655073019531, 36.673945916440559 ], [ 137.02258046300841, 36.67376177559786 ], [ 137.02245973110837, 36.67337338333509 ], [ 137.02156101570435, 36.673558511054836 ], [ 137.021655073019531, 36.673945916440559 ] ] ] ] } },
{ "type": "Feature", "properties": { "OBJECTID": 64, "東西列No": "東D21", "品目": 23, "名前": "柴田篤志", "面積": 2580 }, "geometry": { "type": "MultiPolygon", "coordinates": [ [ [ [ 137.022682342807258, 36.674078903386437 ], [ 137.022605827141405, 36.673821259848914 ], [ 137.021673238666182, 36.67400750097989 ], [ 137.021756052813316, 36.674269758010063 ], [ 137.022682342807258, 36.674078903386437 ] ] ] ] } },
{ "type": "Feature", "properties": { "OBJECTID": 65, "東西列No": "東D22", "品目": 23, "名前": "柴田篤志", "面積": 3290 }, "geometry": { "type": "MultiPolygon", "coordinates": [ [ [ [ 137.02186610891826, 36.674616456468762 ], [ 137.022796227655249, 36.674426389691924 ], [ 137.022682342807258, 36.674078903386437 ], [ 137.021756052813316, 36.674269758010063 ], [ 137.02186610891826, 36.674616456468762 ] ] ] ] } },
{ "type": "Feature", "properties": { "OBJECTID": 66, "東西列No": "東C23", "品目": 7, "名前": "柴田満彦", "面積": 3030 }, "geometry": { "type": "MultiPolygon", "coordinates": [ [ [ [ 137.022965564787228, 36.674766291426899 ], [ 137.023799077349366, 36.674598306300872 ], [ 137.023692608333448, 36.674243196519555 ], [ 137.022856811747232, 36.6744140079903 ], [ 137.022965564787228, 36.674766291426899 ] ] ] ] } },
{ "type": "Feature", "properties": { "OBJECTID": 67, "東西列No": "東C24", "品目": 7, "名前": "柴田満彦", "面積": 3030 }, "geometry": { "type": "MultiPolygon", "coordinates": [ [ [ [ 137.023074093509052, 36.675113383440511 ], [ 137.023903112191078, 36.674945266010042 ], [ 137.023799077349366, 36.674598306300872 ], [ 137.022965564787228, 36.674766291426899 ], [ 137.023074093509052, 36.675113383440511 ] ] ] ] } },
{ "type": "Feature", "properties": { "OBJECTID": 68, "東西列No": "東C25", "品目": 7, "名前": "柴田満彦", "面積": 3010 }, "geometry": { "type": "MultiPolygon", "coordinates": [ [ [ [ 137.023186114220437, 36.675460317323399 ], [ 137.024014986247948, 36.675294740393987 ], [ 137.023903112191078, 36.674945266010042 ], [ 137.023074093509052, 36.675113383440511 ], [ 137.023186114220437, 36.675460317323399 ] ] ] ] } },
{ "type": "Feature", "properties": { "OBJECTID": 69, "東西列No": "東D26", "品目": 2, "名前": "岡田義巳", "面積": 3290 }, "geometry": { "type": "MultiPolygon", "coordinates": [ [ [ [ 137.022312395400689, 36.676015567119997 ], [ 137.023231953877797, 36.675827169482233 ], [ 137.023127328098752, 36.675474080224888 ], [ 137.022197682870654, 36.675661888052417 ], [ 137.022312395400689, 36.676015567119997 ] ] ] ] } },
{ "type": "Feature", "properties": { "OBJECTID": 70, "東西列No": "東D31", "品目": 2, "名前": "川岸弘昌", "面積": 3260 }, "geometry": { "type": "MultiPolygon", "coordinates": [ [ [ [ 137.022551668214049, 36.676783543880518 ], [ 137.023476325748447, 36.676595267717744 ], [ 137.023365017320884, 36.676243959600896 ], [ 137.02243624228592, 36.676433243801092 ], [ 137.022551668214049, 36.676783543880518 ] ] ] ] } },
{ "type": "Feature", "properties": { "OBJECTID": 71, "東西列No": "東D32", "品目": 2, "名前": "柴田実", "面積": 3280 }, "geometry": { "type": "MultiPolygon", "coordinates": [ [ [ [ 137.022660931158754, 36.677133403790066 ], [ 137.023582112187967, 36.676945573227222 ], [ 137.023476325748447, 36.676595267717744 ], [ 137.022551668214049, 36.676783543880518 ], [ 137.022660931158754, 36.677133403790066 ] ] ] ] } },
{ "type": "Feature", "properties": { "OBJECTID": 72, "東西列No": "東E32", "品目": 4, "名前": "川岸弘昌", "面積": 2060 }, "geometry": { "type": "MultiPolygon", "coordinates": [ [ [ [ 137.021652975487171, 36.677340335607362 ], [ 137.022550333589265, 36.677157170373142 ], [ 137.022480895449632, 36.676930672628934 ], [ 137.022283313660807, 36.676969365979062 ], [ 137.022322470515803, 36.677114546037984 ], [ 137.022135701250335, 36.677156541702416 ], [ 137.021955088895538, 36.677184746865883 ], [ 137.021878088748394, 36.676922010508648 ], [ 137.021543196313388, 36.676987626302697 ], [ 137.021652975487171, 36.677340335607362 ] ] ] ] } },
{ "type": "Feature", "properties": { "OBJECTID": 73, "東西列No": "東E31", "品目": 4, "名前": "川岸弘昌", "面積": 3250 }, "geometry": { "type": "MultiPolygon", "coordinates": [ [ [ [ 137.021544752622589, 36.67698762819925 ], [ 137.022444120936854, 36.676815776521366 ], [ 137.022336635912012, 36.676479211557854 ], [ 137.022324323451642, 36.676476033349829 ], [ 137.021441922586945, 36.676658647381061 ], [ 137.021544752622589, 36.67698762819925 ] ] ] ] } },
{ "type": "Feature", "properties": { "OBJECTID": 74, "東西列No": "東C31", "品目": 4, "名前": "岡田義巳", "面積": 3280 }, "geometry": { "type": "MultiPolygon", "coordinates": [ [ [ [ 137.023536186711539, 36.676581523963605 ], [ 137.024472309254918, 36.676392298541359 ], [ 137.024371581919354, 36.67606950509478 ], [ 137.024332078732158, 36.676049793246392 ], [ 137.023429419917562, 36.676230527779445 ], [ 137.023536186711539, 36.676581523963605 ] ] ] ] } },
{ "type": "Feature", "properties": { "OBJECTID": 75, "東西列No": "東D33", "品目": 2, "名前": "柴田実", "面積": 3020 }, "geometry": { "type": "MultiPolygon", "coordinates": [ [ [ [ 137.023203090781607, 36.677392465182102 ], [ 137.023692715724934, 36.67729312667101 ], [ 137.023582112187967, 36.676945573227222 ], [ 137.022660931158754, 36.677133403790066 ], [ 137.022757026268692, 36.677441178685605 ], [ 137.023173884911813, 36.677316231782314 ], [ 137.023203090781607, 36.677392465182102 ] ] ] ] } },
{ "type": "Feature", "properties": { "OBJECTID": 76, "東西列No": "東D35", "品目": 2, "名前": "柴田実", "面積": 3280 }, "geometry": { "type": "MultiPolygon", "coordinates": [ [ [ [ 137.022988287851945, 36.678183892510916 ], [ 137.023917573457595, 36.677994176612422 ], [ 137.023808107936901, 36.677641226469802 ], [ 137.022879595521943, 36.677832447501281 ], [ 137.022988287851945, 36.678183892510916 ] ] ] ] } },
{ "type": "Feature", "properties": { "OBJECTID": 77, "東西列No": "東D36", "品目": 2, "名前": "川岸弘昌", "面積": 3280 }, "geometry": { "type": "MultiPolygon", "coordinates": [ [ [ [ 137.023094863445493, 36.678530963929965 ], [ 137.024024669526057, 36.67834022945884 ], [ 137.023917573457595, 36.677994176612422 ], [ 137.022988287851945, 36.678183892510916 ], [ 137.023094863445493, 36.678530963929965 ] ] ] ] } },
{ "type": "Feature", "properties": { "OBJECTID": 78, "東西列No": "東D37", "品目": 2, "名前": "川岸弘昌", "面積": 3340 }, "geometry": { "type": "MultiPolygon", "coordinates": [ [ [ [ 137.023200656344954, 36.678866219290711 ], [ 137.023230674092616, 36.678879124879032 ], [ 137.024144561048047, 36.678695255636207 ], [ 137.024024669526057, 36.67834022945884 ], [ 137.023094863445493, 36.678530963929965 ], [ 137.023200656344954, 36.678866219290711 ] ] ] ] } },
{ "type": "Feature", "properties": { "OBJECTID": 79, "東西列No": "東E36", "品目": 4, "名前": "今村弘", "面積": 3230 }, "geometry": { "type": "MultiPolygon", "coordinates": [ [ [ [ 137.022989591813513, 36.678553655869869 ], [ 137.022880526703688, 36.67820384164191 ], [ 137.02197579262247, 36.678382944866662 ], [ 137.022083167503922, 36.678737074702958 ], [ 137.022989591813513, 36.678553655869869 ] ] ] ] } },
{ "type": "Feature", "properties": { "OBJECTID": 80, "東西列No": "東E33", "品目": 4, "名前": "川岸弘昌", "面積": 3390 }, "geometry": { "type": "MultiPolygon", "coordinates": [ [ [ [ 137.021761092594886, 36.677685526588213 ], [ 137.022660430827784, 36.677503904035504 ], [ 137.022550333589265, 36.677157170373142 ], [ 137.021654531803506, 36.6773403375025 ], [ 137.021761092594886, 36.677685526588213 ] ] ] ] } },
{ "type": "Feature", "properties": { "OBJECTID": 81, "東西列No": "東D42", "品目": 2, "名前": "今村弘", "面積": 3210 }, "geometry": { "type": "MultiPolygon", "coordinates": [ [ [ [ 137.024348060301406, 36.679442736955984 ], [ 137.024248018758215, 36.679079894149126 ], [ 137.023317963831403, 36.679267574895484 ], [ 137.023431663942745, 36.679629804043323 ], [ 137.023691395661871, 36.679572447074349 ], [ 137.024348060301406, 36.679442736955984 ] ] ] ] } },
{ "type": "Feature", "properties": { "OBJECTID": 84, "東西列No": "東A45", "品目": 2, "名前": "今村弘", "面積": 5580 }, "geometry": { "type": "MultiPolygon", "coordinates": [ [ [ [ 137.027678859803302, 36.679900120093883 ], [ 137.027567786595625, 36.679534194050611 ], [ 137.027045206011422, 36.679643306079306 ], [ 137.02686325163404, 36.67968129533913 ], [ 137.02662249983743, 36.679731561908071 ], [ 137.026830055209132, 36.680404080147731 ], [ 137.026836717782288, 36.680425960587868 ], [ 137.026836979169502, 36.680448455353371 ], [ 137.026836958013348, 36.680460144155724 ], [ 137.026829154502479, 36.680468984975683 ], [ 137.026821608857176, 36.680477537707453 ], [ 137.026810304969899, 36.680485401097528 ], [ 137.026803426287699, 36.680490187510621 ], [ 137.026787643924735, 36.680493467439412 ], [ 137.026816440201685, 36.680576080075269 ], [ 137.026953523658818, 36.680454414028254 ], [ 137.027079340064176, 36.680350975313139 ], [ 137.027224250410086, 36.680231823515903 ], [ 137.027523925695277, 36.680006760813946 ], [ 137.027678859803302, 36.679900120093883 ] ] ] ] } },
{ "type": "Feature", "properties": { "OBJECTID": 85, "東西列No": "東B45", "品目": 1, "名前": "山田貴志", "面積": 2840 }, "geometry": { "type": "MultiPolygon", "coordinates": [ [ [ [ 137.026144382755007, 36.680196560102083 ], [ 137.026213717701012, 36.680185755157893 ], [ 137.026662166766073, 36.680088302561636 ], [ 137.026555632250364, 36.679745587351434 ], [ 137.025650207954214, 36.679929782482965 ], [ 137.025728764058385, 36.68017564728072 ], [ 137.026060006829994, 36.680110682354929 ], [ 137.026076888438666, 36.680124319725778 ], [ 137.026144382755007, 36.680196560102083 ] ] ] ] } },
{ "type": "Feature", "properties": { "OBJECTID": 86, "東西列No": "東B44", "品目": 1, "名前": "山田貴志", "面積": 3200 }, "geometry": { "type": "MultiPolygon", "coordinates": [ [ [ [ 137.026555632250364, 36.679745587351434 ], [ 137.026445483375198, 36.679391269064055 ], [ 137.025538656160023, 36.679579958800034 ], [ 137.025650207954214, 36.679929782482965 ], [ 137.026555632250364, 36.679745587351434 ] ] ] ] } },
{ "type": "Feature", "properties": { "OBJECTID": 87, "東西列No": "東B43", "品目": 1, "名前": "柴田実", "面積": 3200 }, "geometry": { "type": "MultiPolygon", "coordinates": [ [ [ [ 137.025538656160023, 36.679579958800034 ], [ 137.026445483375198, 36.679391269064055 ], [ 137.026333890286082, 36.679031821008095 ], [ 137.025428612041935, 36.679219980026524 ], [ 137.025538656160023, 36.679579958800034 ] ] ] ] } },
{ "type": "Feature", "properties": { "OBJECTID": 88, "東西列No": "東B42", "品目": 1, "名前": "柴田実", "面積": 3190 }, "geometry": { "type": "MultiPolygon", "coordinates": [ [ [ [ 137.025428612041935, 36.679219980026524 ], [ 137.026333890286082, 36.679031821008095 ], [ 137.026222844869011, 36.678679412005245 ], [ 137.025320403372234, 36.678866401974766 ], [ 137.025428612041935, 36.679219980026524 ] ] ] ] } },
{ "type": "Feature", "properties": { "OBJECTID": 89, "東西列No": "東B37", "品目": 1, "名前": "柴田実", "面積": 3230 }, "geometry": { "type": "MultiPolygon", "coordinates": [ [ [ [ 137.025194791784855, 36.67846084776545 ], [ 137.025219524548703, 36.678475999626301 ], [ 137.026106982984942, 36.678293597958231 ], [ 137.025991336628636, 36.67793752431119 ], [ 137.025090385789923, 36.678121432155088 ], [ 137.025194791784855, 36.67846084776545 ] ] ] ] } },
{ "type": "Feature", "properties": { "OBJECTID": 90, "東西列No": "東B36", "品目": 1, "名前": "岡野恵子", "面積": 3010 }, "geometry": { "type": "MultiPolygon", "coordinates": [ [ [ [ 137.025991336628636, 36.67793752431119 ], [ 137.025881498623392, 36.677593488694903 ], [ 137.025433861970328, 36.677682350735374 ], [ 137.025447278198214, 36.677712323221741 ], [ 137.024991156293964, 36.677808996128007 ], [ 137.025090385789923, 36.678121432155088 ], [ 137.025991336628636, 36.67793752431119 ] ] ] ] } },
{ "type": "Feature", "properties": { "OBJECTID": 91, "東西列No": "東B34", "品目": 1, "名前": "岡野恵子", "面積": 3210 }, "geometry": { "type": "MultiPolygon", "coordinates": [ [ [ [ 137.024875232466883, 36.677430507684115 ], [ 137.025771304155569, 36.677242990783711 ], [ 137.02566360719419, 36.676891675597041 ], [ 137.024764071621206, 36.677072707796931 ], [ 137.024875232466883, 36.677430507684115 ] ] ] ] } },
{ "type": "Feature", "properties": { "OBJECTID": 92, "東西列No": "東B33", "品目": 1, "名前": "岡田晶晴", "面積": 2720 }, "geometry": { "type": "MultiPolygon", "coordinates": [ [ [ [ 137.025031119302753, 36.67701692471352 ], [ 137.025663496000874, 36.67689129695264 ], [ 137.025552069210022, 36.676536633699563 ], [ 137.024652410997106, 36.676719539464578 ], [ 137.024693501516282, 36.676849859928915 ], [ 137.024966416946512, 36.676797048999525 ], [ 137.025031119302753, 36.67701692471352 ] ] ] ] } },
{ "type": "Feature", "properties": { "OBJECTID": 93, "東西列No": "東B32", "品目": 1, "名前": "岡田晶晴", "面積": 3200 }, "geometry": { "type": "MultiPolygon", "coordinates": [ [ [ [ 137.025552069210022, 36.676536633699563 ], [ 137.025445077819228, 36.676192132341676 ], [ 137.024545728304986, 36.676379570822078 ], [ 137.024652410997106, 36.676719539464578 ], [ 137.025552069210022, 36.676536633699563 ] ] ] ] } },
{ "type": "Feature", "properties": { "OBJECTID": 94, "東西列No": "東B27", "品目": 1, "名前": "岡田義巳", "面積": 3370 }, "geometry": { "type": "MultiPolygon", "coordinates": [ [ [ [ 137.024311202232667, 36.675982510174414 ], [ 137.024334643461827, 36.675993713332844 ], [ 137.025664037045829, 36.675727262644493 ], [ 137.025579529091317, 36.675474613391309 ], [ 137.025559791511171, 36.675463207584556 ], [ 137.025545764749495, 36.67546141555821 ], [ 137.024240799002342, 36.675725001240153 ], [ 137.024230872168772, 36.675732613697107 ], [ 137.024311202232667, 36.675982510174414 ] ] ] ] } },
{ "type": "Feature", "properties": { "OBJECTID": 95, "東西列No": "東A31", "品目": 2, "名前": "岡田晶晴", "面積": 1010 }, "geometry": { "type": "MultiPolygon", "coordinates": [ [ [ [ 137.025527411227102, 36.676235840029129 ], [ 137.025827345897142, 36.676175705175055 ], [ 137.025728101294845, 36.675871272483718 ], [ 137.025712215165441, 36.675821529715542 ], [ 137.025704666965623, 36.675797320294116 ], [ 137.025415568967986, 36.675856534033294 ], [ 137.025527411227102, 36.676235840029129 ] ] ] ] } },
{ "type": "Feature", "properties": { "OBJECTID": 96, "東西列No": "東A33", "品目": 2, "名前": "岡田晶晴", "面積": 3360 }, "geometry": { "type": "MultiPolygon", "coordinates": [ [ [ [ 137.02572848042405, 36.676877927663789 ], [ 137.026694034212113, 36.676684564984221 ], [ 137.026584439012169, 36.676329273978673 ], [ 137.025617017666491, 36.676524427002782 ], [ 137.02572848042405, 36.676877927663789 ] ] ] ] } },
{ "type": "Feature", "properties": { "OBJECTID": 97, "東西列No": "東A34", "品目": 2, "名前": "岡田義巳", "面積": 3360 }, "geometry": { "type": "MultiPolygon", "coordinates": [ [ [ [ 137.025838801364131, 36.677232310046534 ], [ 137.026803171577711, 36.677033736041629 ], [ 137.026694034212113, 36.676684564984221 ], [ 137.02572848042405, 36.676877927663789 ], [ 137.025838801364131, 36.677232310046534 ] ] ] ] } },
{ "type": "Feature", "properties": { "OBJECTID": 98, "東西列No": "東A41", "品目": 2, "名前": "岡田義巳", "面積": 3280 }, "geometry": { "type": "MultiPolygon", "coordinates": [ [ [ [ 137.026290351742063, 36.678670227053374 ], [ 137.027241516334328, 36.678470228091271 ], [ 137.027144999976514, 36.678149686059214 ], [ 137.027128402643882, 36.678139852319681 ], [ 137.027108359821653, 36.678135881486497 ], [ 137.027104084169082, 36.678136768684169 ], [ 137.026170380944421, 36.678322628989683 ], [ 137.026187821446911, 36.678342512466735 ], [ 137.026290351742063, 36.678670227053374 ] ] ] ] } },
{ "type": "Feature", "properties": { "OBJECTID": 99, "東西列No": "東A43", "品目": 2, "名前": "今村弘", "面積": 2160 }, "geometry": { "type": "MultiPolygon", "coordinates": [ [ [ [ 137.026511289802158, 36.679376106894743 ], [ 137.02706612044031, 36.679270387553828 ], [ 137.026973137474556, 36.678975696571918 ], [ 137.02736839422252, 36.678893067042459 ], [ 137.027346495212214, 36.678820096633814 ], [ 137.026399357739933, 36.679018325757916 ], [ 137.026511289802158, 36.679376106894743 ] ] ] ] } },
{ "type": "Feature", "properties": { "OBJECTID": 100, "東西列No": "東A44", "品目": 2, "名前": "今村弘", "面積": 3320 }, "geometry": { "type": "MultiPolygon", "coordinates": [ [ [ [ 137.02662249983743, 36.679731561908071 ], [ 137.027567786595625, 36.679534194050611 ], [ 137.027462757640819, 36.679198610029566 ], [ 137.026511411766904, 36.679376719868195 ], [ 137.02662249983743, 36.679731561908071 ] ] ] ] } },
{ "type": "Feature", "properties": { "OBJECTID": 101, "東西列No": "滝境1", "品目": 2, "名前": "今村弘", "面積": 2650 }, "geometry": { "type": "MultiPolygon", "coordinates": [ [ [ [ 137.027622583506513, 36.679537475401688 ], [ 137.028082938245149, 36.679442735001139 ], [ 137.027934657916603, 36.678866772569982 ], [ 137.027442020804926, 36.678958707924934 ], [ 137.027622583506513, 36.679537475401688 ] ] ] ] } },
{ "type": "Feature", "properties": { "OBJECTID": 102, "東西列No": "東C34", "品目": 4, "名前": "柴田実", "面積": 3300 }, "geometry": { "type": "MultiPolygon", "coordinates": [ [ [ [ 137.02386740261494, 36.677631600451527 ], [ 137.024798375336246, 36.677438373927899 ], [ 137.024690336413187, 36.677092753184539 ], [ 137.02375411241087, 36.677278086895299 ], [ 137.02386740261494, 36.677631600451527 ] ] ] ] } },
{ "type": "Feature", "properties": { "OBJECTID": 103, "東西列No": "東C35", "品目": 4, "名前": "柴田実", "面積": 3300 }, "geometry": { "type": "MultiPolygon", "coordinates": [ [ [ [ 137.023975910387463, 36.677982269304671 ], [ 137.024908406229315, 36.677790395592112 ], [ 137.024798375336246, 36.677438373927899 ], [ 137.02386740261494, 36.677631600451527 ], [ 137.023975910387463, 36.677982269304671 ] ] ] ] } },
{ "type": "Feature", "properties": { "OBJECTID": 104, "東西列No": "西F40", "品目": 0, "名前": "モリタ", "面積": 0 }, "geometry": { "type": "MultiPolygon", "coordinates": [ [ [ [ 137.012936344085546, 36.681034616390143 ], [ 137.012960823433673, 36.681041371090956 ], [ 137.01297635566965, 36.681040435844977 ], [ 137.013831267587022, 36.680877265356301 ], [ 137.013756152563076, 36.68061093589332 ], [ 137.012928212972781, 36.680763068287966 ], [ 137.012936344085546, 36.681034616390143 ] ] ] ] } },
{ "type": "Feature", "properties": { "OBJECTID": 105, "東西列No": "西F34", "品目": 0, "名前": "モリタ", "面積": 0 }, "geometry": { "type": "MultiPolygon", "coordinates": [ [ [ [ 137.013379485882439, 36.679297608100697 ], [ 137.013301324062155, 36.679031187844217 ], [ 137.012880883826568, 36.679110358569972 ], [ 137.012888532973875, 36.679393414711242 ], [ 137.013379485882439, 36.679297608100697 ] ] ] ] } },
{ "type": "Feature", "properties": { "OBJECTID": 106, "東西列No": "西F32", "品目": 0, "名前": "モリタ", "面積": 0 }, "geometry": { "type": "MultiPolygon", "coordinates": [ [ [ [ 137.013224506798934, 36.678769707945264 ], [ 137.01314481640344, 36.678501672409354 ], [ 137.012884430225512, 36.678548452245238 ], [ 137.012865308191436, 36.678548751989595 ], [ 137.012865835127968, 36.678570697387293 ], [ 137.012873010091312, 36.678833358325669 ], [ 137.013224506798934, 36.678769707945264 ] ] ] ] } },
{ "type": "Feature", "properties": { "OBJECTID": 114, "東西列No": "西E8", "品目": 0, "名前": "山本勇", "面積": 0 }, "geometry": { "type": "MultiPolygon", "coordinates": [ [ [ [ 137.012141336232588, 36.674743419733133 ], [ 137.012188583259444, 36.674911513679803 ], [ 137.01218502631977, 36.6749334537962 ], [ 137.013330868165525, 36.674997181986015 ], [ 137.013344660742433, 36.674987124093697 ], [ 137.013221279876177, 36.674540968936455 ], [ 137.012141336232588, 36.674743419733133 ] ] ] ] } },
{ "type": "Feature", "properties": { "OBJECTID": 115, "東西列No": "西E20", "品目": 1, "名前": "川岸弘明", "面積": 4360 }, "geometry": { "type": "MultiPolygon", "coordinates": [ [ [ [ 137.012194032485212, 36.674983969900822 ], [ 137.012210636279065, 36.675000474767799 ], [ 137.012362383943895, 36.675525776859146 ], [ 137.013446070910504, 36.675319651930302 ], [ 137.01337039853783, 36.67506917734643 ], [ 137.013357634787951, 36.675045639048918 ], [ 137.012194032485212, 36.674983969900822 ] ] ] ] } },
{ "type": "Feature", "properties": { "OBJECTID": 116, "東西列No": "西E21", "品目": 1, "名前": "川岸弘明", "面積": 2920 }, "geometry": { "type": "MultiPolygon", "coordinates": [ [ [ [ 137.013446070910504, 36.675319651930302 ], [ 137.012362383943895, 36.675525776859146 ], [ 137.012435530647508, 36.67578460310753 ], [ 137.013521532358538, 36.675586474331539 ], [ 137.013446070910504, 36.675319651930302 ] ] ] ] } },
{ "type": "Feature", "properties": { "OBJECTID": 117, "東西列No": "西E22", "品目": 1, "名前": "川岸弘明", "面積": 2900 }, "geometry": { "type": "MultiPolygon", "coordinates": [ [ [ [ 137.012512002038335, 36.676048399330526 ], [ 137.013594618856217, 36.675843794753234 ], [ 137.013521532358538, 36.675586474331539 ], [ 137.012435530647508, 36.67578460310753 ], [ 137.012512002038335, 36.676048399330526 ] ] ] ] } },
{ "type": "Feature", "properties": { "OBJECTID": 118, "東西列No": "西E23", "品目": 1, "名前": "川岸弘明", "面積": 2940 }, "geometry": { "type": "MultiPolygon", "coordinates": [ [ [ [ 137.012512002038335, 36.676048399330526 ], [ 137.012588854196906, 36.676306662490461 ], [ 137.013669797886536, 36.676106849572101 ], [ 137.013594618856217, 36.675843794753234 ], [ 137.012512002038335, 36.676048399330526 ] ] ] ] } },
{ "type": "Feature", "properties": { "OBJECTID": 119, "東西列No": "西E24", "品目": 1, "名前": "松本哲男", "面積": 2950 }, "geometry": { "type": "MultiPolygon", "coordinates": [ [ [ [ 137.013669797886536, 36.676106849572101 ], [ 137.012588854196906, 36.676306662490461 ], [ 137.012643844151199, 36.676492267938542 ], [ 137.012632351678747, 36.676510115268947 ], [ 137.01265538546005, 36.676522888320811 ], [ 137.012666057284775, 36.676529448589079 ], [ 137.012676742324373, 36.676540606901582 ], [ 137.012686547197148, 36.676555516758157 ], [ 137.012691967908779, 36.676569582810188 ], [ 137.013746288355691, 36.676374601376594 ], [ 137.013669797886536, 36.676106849572101 ] ] ] ] } },
{ "type": "Feature", "properties": { "OBJECTID": 120, "東西列No": "西E25", "品目": 1, "名前": "松本哲男", "面積": 2760 }, "geometry": { "type": "MultiPolygon", "coordinates": [ [ [ [ 137.013746288355691, 36.676374601376594 ], [ 137.012691967908779, 36.676569582810188 ], [ 137.012767250234305, 36.676835756521349 ], [ 137.013821163367453, 36.676639151713509 ], [ 137.013746288355691, 36.676374601376594 ] ] ] ] } },
{ "type": "Feature", "properties": { "OBJECTID": 123, "東西列No": "西E28", "品目": 1, "名前": "松本哲男", "面積": 2870 }, "geometry": { "type": "MultiPolygon", "coordinates": [ [ [ [ 137.013973301531138, 36.677166497894206 ], [ 137.012916409484404, 36.677361072431616 ], [ 137.012990082931452, 36.677621250774152 ], [ 137.014048329207299, 36.677428173356688 ], [ 137.013973301531138, 36.677166497894206 ] ] ] ] } },
{ "type": "Feature", "properties": { "OBJECTID": 124, "東西列No": "西E29", "品目": 1, "名前": "松本哲男", "面積": 2820 }, "geometry": { "type": "MultiPolygon", "coordinates": [ [ [ [ 137.012990082931452, 36.677621250774152 ], [ 137.013067241937591, 36.677889959102195 ], [ 137.014124651555846, 36.67769172495808 ], [ 137.014048329207299, 36.677428173356688 ], [ 137.012990082931452, 36.677621250774152 ] ] ] ] } },
{ "type": "Feature", "properties": { "OBJECTID": 125, "東西列No": "西E30", "品目": 1, "名前": "松本哲男", "面積": 2980 }, "geometry": { "type": "MultiPolygon", "coordinates": [ [ [ [ 137.013148354959696, 36.678173596677119 ], [ 137.014211616636828, 36.677977009539397 ], [ 137.014204469791764, 36.677964320216994 ], [ 137.014124651555846, 36.67769172495808 ], [ 137.013067241937591, 36.677889959102195 ], [ 137.013148354959696, 36.678173596677119 ] ] ] ] } },
{ "type": "Feature", "properties": { "OBJECTID": 126, "東西列No": "西E31", "品目": 1, "名前": "川岸弘明", "面積": 2940 }, "geometry": { "type": "MultiPolygon", "coordinates": [ [ [ [ 137.014214087809563, 36.678028805846139 ], [ 137.013138658422463, 36.678233524350262 ], [ 137.013151143576238, 36.678256728848375 ], [ 137.013215715323184, 36.678486605261661 ], [ 137.014292560855097, 36.678291684152413 ], [ 137.014214087809563, 36.678028805846139 ] ] ] ] } },
{ "type": "Feature", "properties": { "OBJECTID": 145, "東西列No": "西F35", "品目": 0, "名前": "モリタ", "面積": 0 }, "geometry": { "type": "MultiPolygon", "coordinates": [ [ [ [ 137.012896098062214, 36.679673758057092 ], [ 137.013455392124484, 36.679561997646935 ], [ 137.013379485882439, 36.679297608100697 ], [ 137.012888532973875, 36.679393414711242 ], [ 137.012896098062214, 36.679673758057092 ] ] ] ] } },
{ "type": "Feature", "properties": { "OBJECTID": 147, "東西列No": "西D1", "品目": 0, "名前": "東保宮崎", "面積": 0 }, "geometry": { "type": "MultiPolygon", "coordinates": [ [ [ [ 137.012919986584137, 36.672881125788429 ], [ 137.014002342486407, 36.672683636659734 ], [ 137.013986900809982, 36.672605616158251 ], [ 137.013978497351019, 36.672538383284923 ], [ 137.013970877210113, 36.672471070304667 ], [ 137.013965371037443, 36.672432337763098 ], [ 137.012846855321328, 36.672631951812612 ], [ 137.012919986584137, 36.672881125788429 ] ] ] ] } },
{ "type": "Feature", "properties": { "OBJECTID": 148, "東西列No": "西D5", "品目": 0, "名前": "山本勇", "面積": 0 }, "geometry": { "type": "MultiPolygon", "coordinates": [ [ [ [ 137.013163296178249, 36.673722215959742 ], [ 137.013238206678835, 36.673983513413951 ], [ 137.014311925340564, 36.67378216218124 ], [ 137.014236785828103, 36.673521784342491 ], [ 137.013163296178249, 36.673722215959742 ] ] ] ] } },
{ "type": "Feature", "properties": { "OBJECTID": 149, "東西列No": "西D6", "品目": 0, "名前": "山本勇", "面積": 0 }, "geometry": { "type": "MultiPolygon", "coordinates": [ [ [ [ 137.014387414456706, 36.674047064538748 ], [ 137.014311925340564, 36.67378216218124 ], [ 137.013238206678835, 36.673983513413951 ], [ 137.013315211265365, 36.674249734173706 ], [ 137.014387414456706, 36.674047064538748 ] ] ] ] } },
{ "type": "Feature", "properties": { "OBJECTID": 150, "東西列No": "西D7", "品目": 0, "名前": "山本勇", "面積": 0 }, "geometry": { "type": "MultiPolygon", "coordinates": [ [ [ [ 137.013315211265365, 36.674249734173706 ], [ 137.013389598555165, 36.674510219737897 ], [ 137.014463043988542, 36.674309101133559 ], [ 137.014387414456706, 36.674047064538748 ], [ 137.013315211265365, 36.674249734173706 ] ] ] ] } },
{ "type": "Feature", "properties": { "OBJECTID": 151, "東西列No": "西D22", "品目": 0, "名前": "山本勇", "面積": 2910 }, "geometry": { "type": "MultiPolygon", "coordinates": [ [ [ [ 137.013761570375863, 36.675815512626286 ], [ 137.014837629054398, 36.675614195794175 ], [ 137.014763818103205, 36.675359155286181 ], [ 137.013688649975961, 36.675558796336617 ], [ 137.013761570375863, 36.675815512626286 ] ] ] ] } },
{ "type": "Feature", "properties": { "OBJECTID": 152, "東西列No": "西D23", "品目": 0, "名前": "北陸営農", "面積": 0 }, "geometry": { "type": "MultiPolygon", "coordinates": [ [ [ [ 137.013761570375863, 36.675815512626286 ], [ 137.013837939019425, 36.676082651398495 ], [ 137.014913582869156, 36.675883568388087 ], [ 137.014837629054398, 36.675614195794175 ], [ 137.013761570375863, 36.675815512626286 ] ] ] ] } },
{ "type": "Feature", "properties": { "OBJECTID": 153, "東西列No": "西D24", "品目": 0, "名前": "北陸営農", "面積": 0 }, "geometry": { "type": "MultiPolygon", "coordinates": [ [ [ [ 137.01498988750717, 36.676145479260477 ], [ 137.014913582869156, 36.675883568388087 ], [ 137.013837939019425, 36.676082651398495 ], [ 137.013913907599658, 36.676348681095561 ], [ 137.01498988750717, 36.676145479260477 ] ] ] ] } },
{ "type": "Feature", "properties": { "OBJECTID": 154, "東西列No": "西D26", "品目": 9, "名前": "松本哲男", "面積": 2900 }, "geometry": { "type": "MultiPolygon", "coordinates": [ [ [ [ 137.014063163799165, 36.676873707353415 ], [ 137.015138812615703, 36.676671711409369 ], [ 137.015063610152822, 36.676406368406539 ], [ 137.013987461006053, 36.676608543286655 ], [ 137.014063163799165, 36.676873707353415 ] ] ] ] } },
{ "type": "Feature", "properties": { "OBJECTID": 155, "東西列No": "西D27", "品目": 9, "名前": "松本哲男", "面積": 2910 }, "geometry": { "type": "MultiPolygon", "coordinates": [ [ [ [ 137.014063163799165, 36.676873707353415 ], [ 137.014140867170624, 36.677140225754115 ], [ 137.015215689631532, 36.676939210400512 ], [ 137.015138812615703, 36.676671711409369 ], [ 137.014063163799165, 36.676873707353415 ] ] ] ] } },
{ "type": "Feature", "properties": { "OBJECTID": 156, "東西列No": "西D28", "品目": 9, "名前": "松本哲男", "面積": 2940 }, "geometry": { "type": "MultiPolygon", "coordinates": [ [ [ [ 137.015215689631532, 36.676939210400512 ], [ 137.014140867170624, 36.677140225754115 ], [ 137.01421530629446, 36.677399926686157 ], [ 137.015288060074027, 36.677200052593641 ], [ 137.015215689631532, 36.676939210400512 ] ] ] ] } },
{ "type": "Feature", "properties": { "OBJECTID": 157, "東西列No": "西D29", "品目": 9, "名前": "松本哲男", "面積": 2920 }, "geometry": { "type": "MultiPolygon", "coordinates": [ [ [ [ 137.015362702847085, 36.677460600216151 ], [ 137.015288060074027, 36.677200052593641 ], [ 137.01421530629446, 36.677399926686157 ], [ 137.01429052907622, 36.67765964658799 ], [ 137.015362702847085, 36.677460600216151 ] ] ] ] } },
{ "type": "Feature", "properties": { "OBJECTID": 158, "東西列No": "西D30", "品目": 9, "名前": "松本哲男", "面積": 2920 }, "geometry": { "type": "MultiPolygon", "coordinates": [ [ [ [ 137.01429052907622, 36.67765964658799 ], [ 137.014367979444671, 36.677930436268468 ], [ 137.01532535230487, 36.677753593642421 ], [ 137.015437915845752, 36.677733035604469 ], [ 137.015418954181172, 36.677662950635636 ], [ 137.015362702847085, 36.677460600216151 ], [ 137.01429052907622, 36.67765964658799 ] ] ] ] } },
{ "type": "Feature", "properties": { "OBJECTID": 159, "東西列No": "西D31", "品目": 0, "名前": "松下哲正", "面積": 0 }, "geometry": { "type": "MultiPolygon", "coordinates": [ [ [ [ 137.014462545989431, 36.678259520680918 ], [ 137.015534493609238, 36.678060003866896 ], [ 137.015465882907847, 36.677821003207491 ], [ 137.014393575762512, 36.678017193451758 ], [ 137.014462545989431, 36.678259520680918 ] ] ] ] } },
{ "type": "Feature", "properties": { "OBJECTID": 160, "東西列No": "西D32", "品目": 0, "名前": "松下哲正", "面積": 0 }, "geometry": { "type": "MultiPolygon", "coordinates": [ [ [ [ 137.014462545989431, 36.678259520680918 ], [ 137.014536951831076, 36.678520167604184 ], [ 137.015609120802111, 36.678323642465479 ], [ 137.015534493609238, 36.678060003866896 ], [ 137.014462545989431, 36.678259520680918 ] ] ] ] } },
{ "type": "Feature", "properties": { "OBJECTID": 161, "東西列No": "西D33", "品目": 0, "名前": "北陸営農", "面積": 0 }, "geometry": { "type": "MultiPolygon", "coordinates": [ [ [ [ 137.014536951831076, 36.678520167604184 ], [ 137.014609642082945, 36.678782957184019 ], [ 137.015682061833218, 36.678585836915559 ], [ 137.015609120802111, 36.678323642465479 ], [ 137.014536951831076, 36.678520167604184 ] ] ] ] } },
{ "type": "Feature", "properties": { "OBJECTID": 162, "東西列No": "西C1", "品目": 0, "名前": "東保宮崎", "面積": 0 }, "geometry": { "type": "MultiPolygon", "coordinates": [ [ [ [ 137.014068231503643, 36.672670310931103 ], [ 137.015165691412136, 36.672469577159546 ], [ 137.015120445941761, 36.672288058668016 ], [ 137.015131538323402, 36.672211180572674 ], [ 137.014024977152559, 36.672416561691605 ], [ 137.014068231503643, 36.672670310931103 ] ] ] ] } },
{ "type": "Feature", "properties": { "OBJECTID": 163, "東西列No": "西C2", "品目": 0, "名前": "東保宮崎", "面積": 0 }, "geometry": { "type": "MultiPolygon", "coordinates": [ [ [ [ 137.014068231503643, 36.672670310931103 ], [ 137.014150858467474, 36.672939917994825 ], [ 137.015243937083568, 36.672738817415571 ], [ 137.015165691412136, 36.672469577159546 ], [ 137.014068231503643, 36.672670310931103 ] ] ] ] } },
{ "type": "Feature", "properties": { "OBJECTID": 164, "東西列No": "西C3", "品目": 0, "名前": "大田進", "面積": 0 }, "geometry": { "type": "MultiPolygon", "coordinates": [ [ [ [ 137.015243937083568, 36.672738817415571 ], [ 137.014150858467474, 36.672939917994825 ], [ 137.01422118328523, 36.673196171168264 ], [ 137.014216187443367, 36.673210575300864 ], [ 137.015287854500599, 36.673010312092913 ], [ 137.015303062186831, 36.673002878322478 ], [ 137.015312337476871, 36.672991174234049 ], [ 137.015313812882852, 36.672980460587993 ], [ 137.015243937083568, 36.672738817415571 ] ] ] ] } },
{ "type": "Feature", "properties": { "OBJECTID": 165, "東西列No": "西C4", "品目": 14, "名前": "川岸豊", "面積": 2890 }, "geometry": { "type": "MultiPolygon", "coordinates": [ [ [ [ 137.015329582174928, 36.673034734149482 ], [ 137.014225322288638, 36.673241805297899 ], [ 137.014249039440045, 36.673253758811228 ], [ 137.01431982110023, 36.673511265195678 ], [ 137.015407144934443, 36.673304784505149 ], [ 137.015329582174928, 36.673034734149482 ] ] ] ] } },
{ "type": "Feature", "properties": { "OBJECTID": 166, "東西列No": "西C5", "品目": 0, "名前": "林與志美", "面積": 0 }, "geometry": { "type": "MultiPolygon", "coordinates": [ [ [ [ 137.014394082770536, 36.673768730915988 ], [ 137.015481487988438, 36.673568152662142 ], [ 137.015407144934443, 36.673304784505149 ], [ 137.014319709949547, 36.673510895552788 ], [ 137.014394082770536, 36.673768730915988 ] ] ] ] } },
{ "type": "Feature", "properties": { "OBJECTID": 167, "東西列No": "西C6", "品目": 0, "名前": "林與志美", "面積": 0 }, "geometry": { "type": "MultiPolygon", "coordinates": [ [ [ [ 137.014394082770536, 36.673768730915988 ], [ 137.014469916604668, 36.674034841299161 ], [ 137.01555699435383, 36.673831900750542 ], [ 137.015481487988438, 36.673568152662142 ], [ 137.014394082770536, 36.673768730915988 ] ] ] ] } },
{ "type": "Feature", "properties": { "OBJECTID": 168, "東西列No": "西C21", "品目": 0, "名前": "山本勇", "面積": 0 }, "geometry": { "type": "MultiPolygon", "coordinates": [ [ [ [ 137.014837494546043, 36.675346704245136 ], [ 137.015927343395362, 36.675143097008096 ], [ 137.015893812701563, 36.675022543291924 ], [ 137.015866741428766, 36.675014722466059 ], [ 137.015377448621678, 36.675055260645578 ], [ 137.014792867501825, 36.675117629074535 ], [ 137.014777197411661, 36.675126702409081 ], [ 137.014837494546043, 36.675346704245136 ] ] ] ] } },
{ "type": "Feature", "properties": { "OBJECTID": 169, "東西列No": "西C25", "品目": 0, "名前": "沢口孝司", "面積": 0 }, "geometry": { "type": "MultiPolygon", "coordinates": [ [ [ [ 137.016149010224183, 36.675926556379238 ], [ 137.015063108649741, 36.676131648634509 ], [ 137.015137620245582, 36.676395422646436 ], [ 137.016224021455542, 36.676194106470824 ], [ 137.016149010224183, 36.675926556379238 ] ] ] ] } },
{ "type": "Feature", "properties": { "OBJECTID": 170, "東西列No": "西C26", "品目": 0, "名前": "沢口孝司", "面積": 0 }, "geometry": { "type": "MultiPolygon", "coordinates": [ [ [ [ 137.015137620245582, 36.676395422646436 ], [ 137.015212067654687, 36.676657952834312 ], [ 137.016298168159466, 36.676457726089495 ], [ 137.016224021455542, 36.676194106470824 ], [ 137.015137620245582, 36.676395422646436 ] ] ] ] } },
{ "type": "Feature", "properties": { "OBJECTID": 171, "東西列No": "西C27", "品目": 0, "名前": "滝口安信", "面積": 0 }, "geometry": { "type": "MultiPolygon", "coordinates": [ [ [ [ 137.016298168159466, 36.676457726089495 ], [ 137.015212067654687, 36.676657952834312 ], [ 137.015288944804865, 36.676925505852452 ], [ 137.016373073476444, 36.676722734488152 ], [ 137.016298168159466, 36.676457726089495 ] ] ] ] } },
{ "type": "Feature", "properties": { "OBJECTID": 172, "東西列No": "西C28", "品目": 0, "名前": "沢口孝司", "面積": 0 }, "geometry": { "type": "MultiPolygon", "coordinates": [ [ [ [ 137.01536133773547, 36.677186411115919 ], [ 137.016448583100924, 36.676982183058989 ], [ 137.016373073476444, 36.676722734488152 ], [ 137.015288944804865, 36.676925505852452 ], [ 137.01536133773547, 36.677186411115919 ] ] ] ] } },
{ "type": "Feature", "properties": { "OBJECTID": 173, "東西列No": "西C29", "品目": 0, "名前": "北陸営農", "面積": 0 }, "geometry": { "type": "MultiPolygon", "coordinates": [ [ [ [ 137.015436580846171, 36.677449041275345 ], [ 137.016523429396017, 36.677249300122632 ], [ 137.016448583100924, 36.676982183058989 ], [ 137.01536133773547, 36.677186411115919 ], [ 137.015436580846171, 36.677449041275345 ] ] ] ] } },
{ "type": "Feature", "properties": { "OBJECTID": 174, "東西列No": "西C30", "品目": 0, "名前": "宮松健一", "面積": 0 }, "geometry": { "type": "MultiPolygon", "coordinates": [ [ [ [ 137.015436580846171, 36.677449041275345 ], [ 137.015511005210129, 36.677718663808584 ], [ 137.016576216121138, 36.677520282600184 ], [ 137.016592740541313, 36.677509290509569 ], [ 137.016591420150462, 36.677492084543914 ], [ 137.016523429396017, 36.677249300122632 ], [ 137.015436580846171, 36.677449041275345 ] ] ] ] } },
{ "type": "Feature", "properties": { "OBJECTID": 175, "東西列No": "西B4", "品目": 0, "名前": "大田進", "面積": 0 }, "geometry": { "type": "MultiPolygon", "coordinates": [ [ [ [ 137.015484967833032, 36.673293455837829 ], [ 137.016521561181008, 36.673103464995116 ], [ 137.016512712925959, 36.67307973369504 ], [ 137.016506222884971, 36.673039981652984 ], [ 137.016487039282765, 36.672905720549572 ], [ 137.016479774983765, 36.672838381143812 ], [ 137.016488083044777, 36.672817672542429 ], [ 137.015398377775881, 36.673022600991395 ], [ 137.015410909548393, 36.673039055184589 ], [ 137.015484967833032, 36.673293455837829 ] ] ] ] } },
{ "type": "Feature", "properties": { "OBJECTID": 176, "東西列No": "西B5", "品目": 0, "名前": "大田進", "面積": 0 }, "geometry": { "type": "MultiPolygon", "coordinates": [ [ [ [ 137.015559071333996, 36.673553588258912 ], [ 137.016643917877389, 36.673353933401081 ], [ 137.016604121411717, 36.673273809753191 ], [ 137.016562026874624, 36.67319031262695 ], [ 137.016530509624488, 36.673127457774953 ], [ 137.016521561181008, 36.673103464995116 ], [ 137.015484967833032, 36.673293455837829 ], [ 137.015559071333996, 36.673553588258912 ] ] ] ] } },
{ "type": "Feature", "properties": { "OBJECTID": 177, "東西列No": "西B9", "品目": 0, "名前": "林與志美", "面積": 0 }, "geometry": { "type": "MultiPolygon", "coordinates": [ [ [ [ 137.016261216069864, 36.674530589714912 ], [ 137.016777780498302, 36.674432962832086 ], [ 137.016711779435838, 36.67429593919794 ], [ 137.016708129363593, 36.674251243046839 ], [ 137.016703577540966, 36.674169649766917 ], [ 137.01616824673701, 36.674264449822111 ], [ 137.016202103200129, 36.674344160548159 ], [ 137.016218894053509, 36.674345407422017 ], [ 137.016261216069864, 36.674530589714912 ] ] ] ] } },
{ "type": "Feature", "properties": { "OBJECTID": 178, "東西列No": "西B10", "品目": 0, "名前": "林與志美", "面積": 0 }, "geometry": { "type": "MultiPolygon", "coordinates": [ [ [ [ 137.016353275650346, 36.674890887947981 ], [ 137.016985702118859, 36.67482446243114 ], [ 137.016970110321637, 36.674816385917168 ], [ 137.016950113702819, 36.674800832741262 ], [ 137.01693731889776, 36.674781233122168 ], [ 137.016927682163299, 36.674760078360102 ], [ 137.016777780498302, 36.674432962832086 ], [ 137.016261216069864, 36.674530589714912 ], [ 137.016353275650346, 36.674890887947981 ] ] ] ] } },
{ "type": "Feature", "properties": { "OBJECTID": 179, "東西列No": "西A13", "品目": 0, "名前": "林與志美", "面積": 0 }, "geometry": { "type": "MultiPolygon", "coordinates": [ [ [ [ 137.017445878209031, 36.67458845137341 ], [ 137.01791341558237, 36.67450232980206 ], [ 137.017883747454704, 36.674378915571758 ], [ 137.017893076468681, 36.674362434880017 ], [ 137.018240243397685, 36.674320997338278 ], [ 137.018206442113325, 36.67417071263047 ], [ 137.017221635364535, 36.674351167062646 ], [ 137.017056254972829, 36.674385034584205 ], [ 137.016855438914746, 36.674426166207368 ], [ 137.016935603428749, 36.674592596386752 ], [ 137.017384748663289, 36.674529389842505 ], [ 137.017398244697603, 36.674585651966751 ], [ 137.017406748234862, 36.674591142048953 ], [ 137.017445878209031, 36.67458845137341 ] ] ] ] } },
{ "type": "Feature", "properties": { "OBJECTID": 180, "東西列No": "西A21", "品目": 0, "名前": "沢口孝司", "面積": 0 }, "geometry": { "type": "MultiPolygon", "coordinates": [ [ [ [ 137.017484161449147, 36.675122860323938 ], [ 137.017583568258203, 36.6751055281578 ], [ 137.017649343252259, 36.675094065839481 ], [ 137.018180672454264, 36.674993540413119 ], [ 137.018371583578642, 36.67496042410577 ], [ 137.018335402186324, 36.674773348642965 ], [ 137.018332282729091, 36.674754806640358 ], [ 137.018315094927573, 36.674738806581203 ], [ 137.018298120020404, 36.674734297353311 ], [ 137.017986261258017, 36.67476396413749 ], [ 137.017570605885339, 36.674807360980182 ], [ 137.017313572247872, 36.674835039844226 ], [ 137.017127853926354, 36.674855742150896 ], [ 137.017105734298951, 36.674867655552298 ], [ 137.017104316143872, 36.67487780152004 ], [ 137.017193389945191, 36.675118124800207 ], [ 137.017208552598049, 36.675128309603139 ], [ 137.017467413768799, 36.675104950106338 ], [ 137.017482793118603, 36.675107222425581 ], [ 137.017484161449147, 36.675122860323938 ] ] ] ] } },
{ "type": "Feature", "properties": { "OBJECTID": 181, "東西列No": "西A23", "品目": 0, "名前": "沢口孝司", "面積": 0 }, "geometry": { "type": "MultiPolygon", "coordinates": [ [ [ [ 137.017397982111817, 36.675694595053145 ], [ 137.018125163871588, 36.675560240050352 ], [ 137.018092956835744, 36.675360372152596 ], [ 137.018436652089036, 36.675299625565096 ], [ 137.018424936737233, 36.675236156013106 ], [ 137.017324579744212, 36.675437925429236 ], [ 137.017362777088181, 36.675576499993632 ], [ 137.017397982111817, 36.675694595053145 ] ] ] ] } },
{ "type": "Feature", "properties": { "OBJECTID": 182, "東西列No": "西B25", "品目": 14, "名前": "松井宏道", "面積": 2910 }, "geometry": { "type": "MultiPolygon", "coordinates": [ [ [ [ 137.01637487759956, 36.676439447031619 ], [ 137.017475398814668, 36.676236623206798 ], [ 137.017402694367803, 36.67597735901191 ], [ 137.016301054970626, 36.676181649755357 ], [ 137.01637487759956, 36.676439447031619 ] ] ] ] } },
{ "type": "Feature", "properties": { "OBJECTID": 183, "東西列No": "西B27", "品目": 14, "名前": "松井宏道", "面積": 2400 }, "geometry": { "type": "MultiPolygon", "coordinates": [ [ [ [ 137.016507927312944, 36.676894311377801 ], [ 137.01652943252833, 36.67696977607261 ], [ 137.017438927438747, 36.676803003783668 ], [ 137.01741149015055, 36.676723616912554 ], [ 137.017369069942475, 36.676593003887433 ], [ 137.017367167599048, 36.676575797197977 ], [ 137.017369347717988, 36.676570843216929 ], [ 137.01741162248274, 36.676533477521588 ], [ 137.016453699665021, 36.676709921721312 ], [ 137.016507927312944, 36.676894311377801 ] ] ] ] } },
{ "type": "Feature", "properties": { "OBJECTID": 184, "東西列No": "西B28", "品目": 14, "名前": "松井宏道", "面積": 2670 }, "geometry": { "type": "MultiPolygon", "coordinates": [ [ [ [ 137.01652943252833, 36.67696977607261 ], [ 137.016606721079569, 36.677235400137441 ], [ 137.017705960201056, 36.677035771937959 ], [ 137.017691856309938, 36.677021704264391 ], [ 137.017455568829433, 36.676829790891595 ], [ 137.017438927438747, 36.676803003783668 ], [ 137.01652943252833, 36.67696977607261 ] ] ] ] } },
{ "type": "Feature", "properties": { "OBJECTID": 185, "東西列No": "西B29", "品目": 0, "名前": "沢木福光", "面積": 0 }, "geometry": { "type": "MultiPolygon", "coordinates": [ [ [ [ 137.016684838020126, 36.67750107024515 ], [ 137.017188050689043, 36.677403875445115 ], [ 137.017781213677011, 36.67729708486138 ], [ 137.017717234745732, 36.677060758865942 ], [ 137.017708022710309, 36.677039586681417 ], [ 137.017705960201056, 36.677035771937959 ], [ 137.016606721079569, 36.677235400137441 ], [ 137.016684838020126, 36.67750107024515 ] ] ] ] } },
{ "type": "Feature", "properties": { "OBJECTID": 186, "東西列No": "西A28", "品目": 1, "名前": "松井宏道", "面積": 2170 }, "geometry": { "type": "MultiPolygon", "coordinates": [ [ [ [ 137.01785444695355, 36.67728307229347 ], [ 137.017872620658522, 36.677281202438706 ], [ 137.018324691337511, 36.677193870370481 ], [ 137.018565432552691, 36.677150717653006 ], [ 137.018525166972267, 36.676999848284645 ], [ 137.018745738831285, 36.676960388545439 ], [ 137.018726686857775, 36.6768524382884 ], [ 137.017780413528072, 36.677021373415904 ], [ 137.01779558354292, 36.677062812484571 ], [ 137.017819122150598, 36.677150918206557 ], [ 137.01785444695355, 36.67728307229347 ] ] ] ] } },
{ "type": "Feature", "properties": { "OBJECTID": 187, "東西列No": "西A31", "品目": 1, "名前": "上野毅", "面積": 1270 }, "geometry": { "type": "MultiPolygon", "coordinates": [ [ [ [ 137.017946636529956, 36.67761625157295 ], [ 137.018428128296904, 36.677526531573896 ], [ 137.018353748917292, 36.677286552048969 ], [ 137.017881085764429, 36.677376544137005 ], [ 137.017946636529956, 36.67761625157295 ] ] ] ] } },
{ "type": "Feature", "properties": { "OBJECTID": 188, "東西列No": "西A32", "品目": 1, "名前": "上野毅", "面積": 2090 }, "geometry": { "type": "MultiPolygon", "coordinates": [ [ [ [ 137.017946636529956, 36.67761625157295 ], [ 137.018020669805537, 36.677866982467435 ], [ 137.018019866418456, 36.677889106429923 ], [ 137.018031041154558, 36.677884668348355 ], [ 137.018856752589727, 36.677735426561661 ], [ 137.018871371649283, 36.677726017938305 ], [ 137.018822849705373, 36.677508204780139 ], [ 137.018458749028639, 36.677574370429092 ], [ 137.018439437045004, 36.677563009037435 ], [ 137.018428128296904, 36.677526531573896 ], [ 137.017946636529956, 36.67761625157295 ] ] ] ] } },
{ "type": "Feature", "properties": { "OBJECTID": 189, "東西列No": "西B32", "品目": 0, "名前": "北陸営農", "面積": 0 }, "geometry": { "type": "MultiPolygon", "coordinates": [ [ [ [ 137.016853554844261, 36.678098530503917 ], [ 137.017377683878209, 36.678000712348748 ], [ 137.017862121779615, 36.677887503519969 ], [ 137.017877082575865, 36.677898255750421 ], [ 137.017944566723457, 36.677883596079191 ], [ 137.017875002702738, 36.677630374341362 ], [ 137.016777530644219, 36.67783200700692 ], [ 137.016853554844261, 36.678098530503917 ] ] ] ] } },
{ "type": "Feature", "properties": { "OBJECTID": 190, "東西列No": "西B31", "品目": 0, "名前": "北陸営農", "面積": 0 }, "geometry": { "type": "MultiPolygon", "coordinates": [ [ [ [ 137.016777530644219, 36.67783200700692 ], [ 137.017875002702738, 36.677630374341362 ], [ 137.017810090897967, 36.677390144957485 ], [ 137.017118780989961, 36.677514566517566 ], [ 137.016710391761052, 36.677593738892824 ], [ 137.016777530644219, 36.67783200700692 ] ] ] ] } },
{ "type": "Feature", "properties": { "OBJECTID": 191, "東西列No": "西C32", "品目": 0, "名前": "岡野徹朗", "面積": 0 }, "geometry": { "type": "MultiPolygon", "coordinates": [ [ [ [ 137.01672615685294, 36.677973448381579 ], [ 137.016525254801707, 36.678013635727261 ], [ 137.016487543475591, 36.677886511571515 ], [ 137.015606055347064, 36.678048838420125 ], [ 137.015680047858439, 36.678311025204891 ], [ 137.016766442613857, 36.678114669888863 ], [ 137.01672615685294, 36.677973448381579 ] ] ] ] } },
{ "type": "Feature", "properties": { "OBJECTID": 192, "東西列No": "西C31", "品目": 0, "名前": "北陸営農", "面積": 0 }, "geometry": { "type": "MultiPolygon", "coordinates": [ [ [ [ 137.015606055347064, 36.678048838420125 ], [ 137.016690685369525, 36.677849101967283 ], [ 137.016619113275652, 36.677594993773404 ], [ 137.016605334284208, 36.677586513949741 ], [ 137.016592471822406, 36.677607315937031 ], [ 137.015693703988376, 36.67778116990857 ], [ 137.015683030128031, 36.677798333640204 ], [ 137.01571661788887, 36.677918752249603 ], [ 137.015721362159155, 36.677935773307112 ], [ 137.015718653153016, 36.677959381851608 ], [ 137.015705315702263, 36.677971170934029 ], [ 137.015589831423, 36.677991851689164 ], [ 137.015606055347064, 36.678048838420125 ] ] ] ] } },
{ "type": "Feature", "properties": { "OBJECTID": 193, "東西列No": "西C33", "品目": 0, "名前": "滝口安信", "面積": 0 }, "geometry": { "type": "MultiPolygon", "coordinates": [ [ [ [ 137.015753100142518, 36.678573661351344 ], [ 137.016754367821846, 36.678392636155351 ], [ 137.016736439956929, 36.678325328463231 ], [ 137.016821673077004, 36.678309015504681 ], [ 137.016766442613857, 36.678114669888863 ], [ 137.015680047858439, 36.678311025204891 ], [ 137.015753100142518, 36.678573661351344 ] ] ] ] } },
{ "type": "Feature", "properties": { "OBJECTID": 194, "東西列No": "西C34", "品目": 0, "名前": "滝口安信", "面積": 0 }, "geometry": { "type": "MultiPolygon", "coordinates": [ [ [ [ 137.015828814929904, 36.678836760436766 ], [ 137.016912106620453, 36.678634442818726 ], [ 137.016841099693153, 36.678376631484824 ], [ 137.015753100142518, 36.678573661351344 ], [ 137.015828814929904, 36.678836760436766 ] ] ] ] } },
{ "type": "Feature", "properties": { "OBJECTID": 195, "東西列No": "西C35", "品目": 0, "名前": "松本哲男", "面積": 0 }, "geometry": { "type": "MultiPolygon", "coordinates": [ [ [ [ 137.016031595582604, 36.679079616632201 ], [ 137.016988253310103, 36.678896135807648 ], [ 137.016912106620453, 36.678634442818726 ], [ 137.015828814929904, 36.678836760436766 ], [ 137.015886409109953, 36.679028676159774 ], [ 137.016010202121095, 36.679005319997174 ], [ 137.016031595582604, 36.679079616632201 ] ] ] ] } },
{ "type": "Feature", "properties": { "OBJECTID": 196, "東西列No": "西C36", "品目": 0, "名前": "北陸営農", "面積": 0 }, "geometry": { "type": "MultiPolygon", "coordinates": [ [ [ [ 137.015908428253454, 36.679103370145697 ], [ 137.015988549318934, 36.679373819631053 ], [ 137.017071630359652, 36.679168400122762 ], [ 137.016988253310103, 36.678896135807648 ], [ 137.015908428253454, 36.679103370145697 ] ] ] ] } },
{ "type": "Feature", "properties": { "OBJECTID": 197, "東西列No": "西C37", "品目": 0, "名前": "北陸営農", "面積": 0 }, "geometry": { "type": "MultiPolygon", "coordinates": [ [ [ [ 137.017071630359652, 36.679168400122762 ], [ 137.015988549318934, 36.679373819631053 ], [ 137.016065979730485, 36.679635812201724 ], [ 137.017153050123483, 36.679434794965843 ], [ 137.017071630359652, 36.679168400122762 ] ] ] ] } },
{ "type": "Feature", "properties": { "OBJECTID": 198, "東西列No": "西C38", "品目": 0, "名前": "沢口孝司", "面積": 0 }, "geometry": { "type": "MultiPolygon", "coordinates": [ [ [ [ 137.016143354245969, 36.679898047969857 ], [ 137.017232066178479, 36.679694715963841 ], [ 137.017153050123483, 36.679434794965843 ], [ 137.016065979730485, 36.679635812201724 ], [ 137.016143354245969, 36.679898047969857 ] ] ] ] } },
{ "type": "Feature", "properties": { "OBJECTID": 199, "東西列No": "西C39", "品目": 0, "名前": "北陸営農", "面積": 0 }, "geometry": { "type": "MultiPolygon", "coordinates": [ [ [ [ 137.016143354245969, 36.679898047969857 ], [ 137.016257153261336, 36.68028461696715 ], [ 137.016292601348653, 36.680278055790957 ], [ 137.016297615800028, 36.680311040473519 ], [ 137.01631054311872, 36.680309503994025 ], [ 137.01632541165705, 36.680281548891472 ], [ 137.017241888526257, 36.680077278268676 ], [ 137.017269287407572, 36.680072896666189 ], [ 137.0173245295274, 36.680065783232607 ], [ 137.01734212614258, 36.680058336886994 ], [ 137.017232066178479, 36.679694715963841 ], [ 137.016143354245969, 36.679898047969857 ] ] ] ] } },
{ "type": "Feature", "properties": { "OBJECTID": 200, "東西列No": "西B38", "品目": 0, "名前": "沢口孝司", "面積": 0 }, "geometry": { "type": "MultiPolygon", "coordinates": [ [ [ [ 137.017314432804739, 36.679678508108339 ], [ 137.01839469416629, 36.67948112003797 ], [ 137.018323916220822, 36.679211792307768 ], [ 137.017236119338918, 36.679417908525515 ], [ 137.017314432804739, 36.679678508108339 ] ] ] ] } },
{ "type": "Feature", "properties": { "OBJECTID": 201, "東西列No": "西B37", "品目": 0, "名前": "北陸営農", "面積": 0 }, "geometry": { "type": "MultiPolygon", "coordinates": [ [ [ [ 137.017236119338918, 36.679417908525515 ], [ 137.018323916220822, 36.679211792307768 ], [ 137.018253129451836, 36.678947313078673 ], [ 137.017154894810943, 36.679147620711312 ], [ 137.017236119338918, 36.679417908525515 ] ] ] ] } },
{ "type": "Feature", "properties": { "OBJECTID": 202, "東西列No": "西B36", "品目": 0, "名前": "沢木福光", "面積": 0 }, "geometry": { "type": "MultiPolygon", "coordinates": [ [ [ [ 137.017154894810943, 36.679147620711312 ], [ 137.018253129451836, 36.678947313078673 ], [ 137.0181762993289, 36.678683844639913 ], [ 137.017074783669642, 36.678881035540847 ], [ 137.017154894810943, 36.679147620711312 ] ] ] ] } },
{ "type": "Feature", "properties": { "OBJECTID": 203, "東西列No": "西B35", "品目": 0, "名前": "沢木福光", "面積": 0 }, "geometry": { "type": "MultiPolygon", "coordinates": [ [ [ [ 137.017068201238601, 36.678859133023082 ], [ 137.017074783669642, 36.678881035540847 ], [ 137.0181762993289, 36.678683844639913 ], [ 137.018098711482594, 36.678419032376553 ], [ 137.016999875120916, 36.678620584241749 ], [ 137.017068201238601, 36.678859133023082 ] ] ] ] } },
{ "type": "Feature", "properties": { "OBJECTID": 204, "東西列No": "西A37", "品目": 0, "名前": "沢木福光", "面積": 0 }, "geometry": { "type": "MultiPolygon", "coordinates": [ [ [ [ 137.018470704571115, 36.679472761207535 ], [ 137.018965112157645, 36.679375007251082 ], [ 137.018983343544477, 36.67917931183208 ], [ 137.018709107615962, 36.679184820341739 ], [ 137.018524323392683, 36.679203263898259 ], [ 137.018401368865938, 36.679215538707318 ], [ 137.018470704571115, 36.679472761207535 ] ] ] ] } },
{ "type": "Feature", "properties": { "OBJECTID": 205, "東西列No": "西A36", "品目": 0, "名前": "沢木福光", "面積": 0 }, "geometry": { "type": "MultiPolygon", "coordinates": [ [ [ [ 137.018327640244223, 36.678944684231261 ], [ 137.018401368865938, 36.679215538707318 ], [ 137.018524323392683, 36.679203263898259 ], [ 137.018471010452828, 36.678922476419736 ], [ 137.018836439152949, 36.678861422323209 ], [ 137.018858386610106, 36.679039386527968 ], [ 137.018950711957217, 36.679035706948632 ], [ 137.018993388249044, 36.679034435083793 ], [ 137.018994275607668, 36.679003362104069 ], [ 137.019004010095841, 36.679003211955347 ], [ 137.019010579564934, 36.678797426414 ], [ 137.019008654018961, 36.678639926737802 ], [ 137.018806125584007, 36.678646849158461 ], [ 137.018802098164514, 36.678570582880738 ], [ 137.018769695902165, 36.678576355515595 ], [ 137.018471863477231, 36.678629418614982 ], [ 137.018250212740099, 36.678671716231975 ], [ 137.018327640244223, 36.678944684231261 ] ] ] ] } },
{ "type": "Feature", "properties": { "OBJECTID": 206, "東西列No": "西A34", "品目": 0, "名前": "塩谷建設", "面積": 0 }, "geometry": { "type": "MultiPolygon", "coordinates": [ [ [ [ 137.018176119971116, 36.678410405109702 ], [ 137.018366569861826, 36.678382992988645 ], [ 137.018389782891404, 36.678332301203611 ], [ 137.018650132201827, 36.678232571584211 ], [ 137.018693888374685, 36.678204688125817 ], [ 137.018722850847467, 36.678189700763845 ], [ 137.018758290838946, 36.678180912825368 ], [ 137.018781958851775, 36.678161241538284 ], [ 137.018944967476045, 36.678119392905138 ], [ 137.018923900478768, 36.67807198059343 ], [ 137.018914667690836, 36.678061424857908 ], [ 137.018799620375773, 36.678082163341607 ], [ 137.018786497034881, 36.678034932100516 ], [ 137.018780552614089, 36.678020276279504 ], [ 137.018100383400252, 36.678143053702009 ], [ 137.018176119971116, 36.678410405109702 ] ] ] ] } },
{ "type": "Feature", "properties": { "OBJECTID": 207, "東西列No": "西A33", "品目": 1, "名前": "上野毅", "面積": 1840 }, "geometry": { "type": "MultiPolygon", "coordinates": [ [ [ [ 137.018100383400252, 36.678143053702009 ], [ 137.018780552614089, 36.678020276279504 ], [ 137.018907860144026, 36.677999619717035 ], [ 137.018930558066103, 36.677996304349513 ], [ 137.018885188834446, 36.677773168923679 ], [ 137.018890907273914, 36.677760901395203 ], [ 137.018040443996142, 36.677917259207923 ], [ 137.018041262462503, 36.677933824663576 ], [ 137.018100383400252, 36.678143053702009 ] ] ] ] } },
{ "type": "Feature", "properties": { "OBJECTID": 208, "東西列No": "東H34", "品目": 83, "名前": "松本哲男", "面積": 2130 }, "geometry": { "type": "MultiPolygon", "coordinates": [ [ [ [ 137.019147466539323, 36.67859592094733 ], [ 137.019808201722981, 36.67846106787777 ], [ 137.019786850734249, 36.678392035090233 ], [ 137.019717202422612, 36.678173835770636 ], [ 137.019695665530605, 36.678108506750696 ], [ 137.019109582889456, 36.678226202369608 ], [ 137.019124147724796, 36.67832138930423 ], [ 137.019133483497797, 36.678418669601307 ], [ 137.019142835675837, 36.678507370297233 ], [ 137.019147466539323, 36.67859592094733 ] ] ] ] } },
{ "type": "Feature", "properties": { "OBJECTID": 209, "東西列No": "東H33", "品目": 0, "名前": "滝口安信", "面積": 0 }, "geometry": { "type": "MultiPolygon", "coordinates": [ [ [ [ 137.019109582889456, 36.678226202369608 ], [ 137.019695899170785, 36.678109200978888 ], [ 137.01958248127363, 36.677761901765265 ], [ 137.019047212114572, 36.677871801192197 ], [ 137.019036448302217, 36.677872013154015 ], [ 137.019072011071188, 36.678021425535142 ], [ 137.019093966431655, 36.678125120146085 ], [ 137.019109582889456, 36.678226202369608 ] ] ] ] } },
{ "type": "Feature", "properties": { "OBJECTID": 210, "東西列No": "東H32", "品目": 0, "名前": "滝口安信", "面積": 0 }, "geometry": { "type": "MultiPolygon", "coordinates": [ [ [ [ 137.019036448302217, 36.677872013154015 ], [ 137.01958248127363, 36.677761901765265 ], [ 137.019470156936251, 36.677410791612623 ], [ 137.018964763949725, 36.677514554240837 ], [ 137.019036448302217, 36.677872013154015 ] ] ] ] } },
{ "type": "Feature", "properties": { "OBJECTID": 211, "東西列No": "東G33", "品目": 1, "名前": "上野毅", "面積": 3280 }, "geometry": { "type": "MultiPolygon", "coordinates": [ [ [ [ 137.019776331431501, 36.678092934052252 ], [ 137.02066326650791, 36.677913645465658 ], [ 137.020554450585081, 36.677562351384616 ], [ 137.019666338686335, 36.677744692860358 ], [ 137.019776331431501, 36.678092934052252 ] ] ] ] } },
{ "type": "Feature", "properties": { "OBJECTID": 212, "東西列No": "東G32", "品目": 1, "名前": "上野毅", "面積": 3100 }, "geometry": { "type": "MultiPolygon", "coordinates": [ [ [ [ 137.019666338686335, 36.677744692860358 ], [ 137.020554450585081, 36.677562351384616 ], [ 137.020446203528877, 36.677212499835967 ], [ 137.019554639225845, 36.677394277497299 ], [ 137.019666338686335, 36.677744692860358 ] ] ] ] } },
{ "type": "Feature", "properties": { "OBJECTID": 214, "東西列No": "東F2", "品目": 2, "名前": "山本亮二", "面積": 4060 }, "geometry": { "type": "MultiPolygon", "coordinates": [ [ [ [ 137.019316936251215, 36.673271366254937 ], [ 137.020409842798955, 36.673044280899724 ], [ 137.020386961143799, 36.672679131970739 ], [ 137.019267594190467, 36.672915349809372 ], [ 137.019297029141626, 36.673185958114082 ], [ 137.019316936251215, 36.673271366254937 ] ] ], [ [ [ 137.019281048224371, 36.673117393246862 ], [ 137.019286413111359, 36.67315536834024 ], [ 137.019299457967804, 36.673208286173804 ], [ 137.019297029141626, 36.673185958114082 ], [ 137.019281048224371, 36.673117393246862 ] ] ] ] } },
{ "type": "Feature", "properties": { "OBJECTID": 215, "東西列No": "東G6", "品目": 0, "名前": "高田和彦", "面積": 0 }, "geometry": { "type": "MultiPolygon", "coordinates": [ [ [ [ 137.019446295274065, 36.673985482718543 ], [ 137.019338007528773, 36.673632863162609 ], [ 137.018285865592588, 36.673844632635721 ], [ 137.018347266868687, 36.674053648241063 ], [ 137.018383402418635, 36.674200321921781 ], [ 137.019446295274065, 36.673985482718543 ] ] ] ] } },
{ "type": "Feature", "properties": { "OBJECTID": 216, "東西列No": "東E3", "品目": 4, "名前": "柴田篤志", "面積": 2671 }, "geometry": { "type": "MultiPolygon", "coordinates": [ [ [ [ 137.020537893248502, 36.673769236298966 ], [ 137.021474567063763, 36.673576033579302 ], [ 137.021434254644561, 36.673410538221255 ], [ 137.021424252313551, 36.673369042806449 ], [ 137.021025838848743, 36.673428613628488 ], [ 137.020990674319791, 36.673298506361384 ], [ 137.020516874736671, 36.673394599864586 ], [ 137.020537893248502, 36.673769236298966 ] ] ] ] } },
{ "type": "Feature", "properties": { "OBJECTID": 218, "東西列No": "東D2", "品目": 23, "名前": "押川宗成", "面積": 3180 }, "geometry": { "type": "MultiPolygon", "coordinates": [ [ [ [ 137.021475566392155, 36.673204929889685 ], [ 137.022346443175195, 36.673025410713095 ], [ 137.022249884312231, 36.672730107606604 ], [ 137.022247047607692, 36.672721443428905 ], [ 137.022247702592523, 36.672712197691467 ], [ 137.022248506875428, 36.672700888338042 ], [ 137.022251260281848, 36.672694258687301 ], [ 137.022254901532079, 36.672685485206131 ], [ 137.022243351510326, 36.672681740143354 ], [ 137.022186957331314, 36.672691765420794 ], [ 137.022136824180023, 36.672698022152261 ], [ 137.022118042225429, 36.672696737647172 ], [ 137.022017906209186, 36.672720322694246 ], [ 137.021391475863311, 36.672843122149267 ], [ 137.021475566392155, 36.673204929889685 ] ] ] ] } },
{ "type": "Feature", "properties": { "OBJECTID": 219, "東西列No": "東D3", "品目": 23, "名前": "柴田篤志", "面積": 3257 }, "geometry": { "type": "MultiPolygon", "coordinates": [ [ [ [ 137.02156101570435, 36.673558511054836 ], [ 137.02245973110837, 36.67337338333509 ], [ 137.022346443175195, 36.673025410713095 ], [ 137.021475566392155, 36.673204929889685 ], [ 137.02156101570435, 36.673558511054836 ] ] ] ] } },
{ "type": "Feature", "properties": { "OBJECTID": 220, "東西列No": "東C3", "品目": 0, "名前": "北陸営農", "面積": 0 }, "geometry": { "type": "MultiPolygon", "coordinates": [ [ [ [ 137.022524422150155, 36.673360060490189 ], [ 137.022712070842715, 36.673321399762031 ], [ 137.022704939598924, 36.673299815903192 ], [ 137.023088790761278, 36.673218790861462 ], [ 137.023095539523695, 36.673241554836586 ], [ 137.023362606856409, 36.67318677582643 ], [ 137.023256846552044, 36.672837722635698 ], [ 137.022412935911177, 36.673011702585875 ], [ 137.022524422150155, 36.673360060490189 ] ] ] ] } },
{ "type": "Feature", "properties": { "OBJECTID": 221, "東西列No": "東C21", "品目": 0, "名前": "北陸営農", "面積": 0 }, "geometry": { "type": "MultiPolygon", "coordinates": [ [ [ [ 137.023544015606404, 36.673775535655295 ], [ 137.023352849110466, 36.673814589994805 ], [ 137.023301675652363, 36.67365758792733 ], [ 137.022652249243663, 36.673789556958234 ], [ 137.02265783126677, 36.673801982537213 ], [ 137.022676861391574, 36.673844353934079 ], [ 137.022747482089869, 36.674065490842324 ], [ 137.023581755581176, 36.673893596829949 ], [ 137.023544015606404, 36.673775535655295 ] ] ] ] } },
{ "type": "Feature", "properties": { "OBJECTID": 222, "東西列No": "東C22", "品目": 0, "名前": "北陸営農", "面積": 0 }, "geometry": { "type": "MultiPolygon", "coordinates": [ [ [ [ 137.022856811747232, 36.6744140079903 ], [ 137.023692608333448, 36.674243196519555 ], [ 137.023581755581176, 36.673893596829949 ], [ 137.022747482089869, 36.674065490842324 ], [ 137.022856811747232, 36.6744140079903 ] ] ] ] } },
{ "type": "Feature", "properties": { "OBJECTID": 223, "東西列No": "東D23", "品目": 23, "名前": "柴田満彦", "面積": 3350 }, "geometry": { "type": "MultiPolygon", "coordinates": [ [ [ [ 137.021975277064342, 36.674965866403063 ], [ 137.022905350112893, 36.674778421286909 ], [ 137.022796227655249, 36.674426389691924 ], [ 137.02186610891826, 36.674616456468762 ], [ 137.021975277064342, 36.674965866403063 ] ] ] ] } },
{ "type": "Feature", "properties": { "OBJECTID": 224, "東西列No": "東D24", "品目": 0, "名前": "沢口孝司", "面積": 0 }, "geometry": { "type": "MultiPolygon", "coordinates": [ [ [ [ 137.022084705881582, 36.675314014824778 ], [ 137.023014852184616, 36.675125388357628 ], [ 137.022905350112893, 36.674778421286909 ], [ 137.021975277064342, 36.674965866403063 ], [ 137.022084705881582, 36.675314014824778 ] ] ] ] } },
{ "type": "Feature", "properties": { "OBJECTID": 225, "東西列No": "東D25", "品目": 0, "名前": "沢口孝司", "面積": 0 }, "geometry": { "type": "MultiPolygon", "coordinates": [ [ [ [ 137.022197682870654, 36.675661888052417 ], [ 137.023127328098752, 36.675474080224888 ], [ 137.023014852184616, 36.675125388357628 ], [ 137.022084705881582, 36.675314014824778 ], [ 137.022197682870654, 36.675661888052417 ] ] ] ] } },
{ "type": "Feature", "properties": { "OBJECTID": 226, "東西列No": "東C26", "品目": 4, "名前": "山本正誓", "面積": 3020 }, "geometry": { "type": "MultiPolygon", "coordinates": [ [ [ [ 137.023292099680305, 36.675810362040266 ], [ 137.023610183732075, 36.675749182162363 ], [ 137.024117709707269, 36.67565007064902 ], [ 137.024014986247948, 36.675294740393987 ], [ 137.023186114220437, 36.675460317323399 ], [ 137.023292099680305, 36.675810362040266 ] ] ] ] } },
{ "type": "Feature", "properties": { "OBJECTID": 227, "東西列No": "東H36", "品目": 83, "名前": "上野毅", "面積": 2730 }, "geometry": { "type": "MultiPolygon", "coordinates": [ [ [ [ 137.019109321436758, 36.679359027146752 ], [ 137.020006753337782, 36.679175493737674 ], [ 137.019966974943742, 36.679117802683948 ], [ 137.01986968525722, 36.678990078993607 ], [ 137.019865333664598, 36.678983756074039 ], [ 137.01983002093931, 36.678913678696745 ], [ 137.019808025503409, 36.678836317846454 ], [ 137.019808523661737, 36.678827351317217 ], [ 137.01914010534955, 36.678964574081178 ], [ 137.019138201733028, 36.678988814552447 ], [ 137.019109925147177, 36.679353422304118 ], [ 137.019109321436758, 36.679359027146752 ] ] ] ] } },
{ "type": "Feature", "properties": { "OBJECTID": 228, "東西列No": "東H37", "品目": 0, "名前": "北陸営農", "面積": 0 }, "geometry": { "type": "MultiPolygon", "coordinates": [ [ [ [ 137.019070462485217, 36.679722296959127 ], [ 137.019081591980012, 36.679729935076679 ], [ 137.020125357407409, 36.679515949575936 ], [ 137.020127629619736, 36.67951548373744 ], [ 137.020025242235988, 36.679202300776922 ], [ 137.020006753337782, 36.679175493737674 ], [ 137.019109321436758, 36.679359027146752 ], [ 137.019070462485217, 36.679722296959127 ] ] ] ] } },
{ "type": "Feature", "properties": { "OBJECTID": 229, "東西列No": "東G21", "品目": 0, "名前": "高田和彦", "面積": 0 }, "geometry": { "type": "MultiPolygon", "coordinates": [ [ [ [ 137.018539244286131, 36.674922141614822 ], [ 137.019678776161129, 36.674694427101876 ], [ 137.019607701347695, 36.674469313459518 ], [ 137.019537732645688, 36.674444993202137 ], [ 137.01848614179471, 36.674649780622623 ], [ 137.018539244286131, 36.674922141614822 ] ] ] ] } },
{ "type": "Feature", "properties": { "OBJECTID": 230, "東西列No": "東G23", "品目": 0, "名前": "沢口孝司", "面積": 0 }, "geometry": { "type": "MultiPolygon", "coordinates": [ [ [ [ 137.018673900959783, 36.675636833073185 ], [ 137.019886229912601, 36.675387460593498 ], [ 137.019785099104297, 36.675040482975604 ], [ 137.018604506647222, 36.675277321874511 ], [ 137.018673900959783, 36.675636833073185 ] ] ] ] } },
{ "type": "Feature", "properties": { "OBJECTID": 231, "東西列No": "東G24", "品目": 83, "名前": "上野毅", "面積": 4230 }, "geometry": { "type": "MultiPolygon", "coordinates": [ [ [ [ 137.019836088039767, 36.675770578103702 ], [ 137.019826254191798, 36.675736682775522 ], [ 137.019983341906766, 36.675702492985153 ], [ 137.019886229912601, 36.675387460593498 ], [ 137.018673900959783, 36.675636833073185 ], [ 137.018723489725716, 36.675904359028763 ], [ 137.018694719838265, 36.675906864727509 ], [ 137.018733139750822, 36.675913058785902 ], [ 137.018903530460904, 36.675881583399111 ], [ 137.018931480276905, 36.675951030108429 ], [ 137.019165538652771, 36.675904537862785 ], [ 137.019836088039767, 36.675770578103702 ] ] ] ] } },
{ "type": "Feature", "properties": { "OBJECTID": 232, "東西列No": "東E21", "品目": 4, "名前": "柴田篤志", "面積": 2460 }, "geometry": { "type": "MultiPolygon", "coordinates": [ [ [ [ 137.020757602883151, 36.674474287689009 ], [ 137.02164503559942, 36.674292631048026 ], [ 137.021570794916329, 36.674058520513888 ], [ 137.021569115445345, 36.674053237311412 ], [ 137.021565966641333, 36.674049925993138 ], [ 137.021549292145124, 36.674046282766476 ], [ 137.021539981015849, 36.67404593165972 ], [ 137.021503074031557, 36.67405245387728 ], [ 137.020674905341338, 36.67421713103144 ], [ 137.020686149533248, 36.674246632771585 ], [ 137.020757602883151, 36.674474287689009 ] ] ] ] } },
{ "type": "Feature", "properties": { "OBJECTID": 233, "東西列No": "東E22", "品目": 4, "名前": "柴田満彦", "面積": 3300 }, "geometry": { "type": "MultiPolygon", "coordinates": [ [ [ [ 137.020865884249872, 36.67482248090856 ], [ 137.021754106653304, 36.674639346433302 ], [ 137.02164503559942, 36.674292631048026 ], [ 137.020757602883151, 36.674474287689009 ], [ 137.020865884249872, 36.67482248090856 ] ] ] ] } },
{ "type": "Feature", "properties": { "OBJECTID": 234, "東西列No": "東F24", "品目": 23, "名前": "押川竹弘", "面積": 3300 }, "geometry": { "type": "MultiPolygon", "coordinates": [ [ [ [ 137.019969679697851, 36.67537141353813 ], [ 137.020078314179756, 36.675720977709723 ], [ 137.021000386557034, 36.675529491177969 ], [ 137.020891124300533, 36.675184442181241 ], [ 137.019969679697851, 36.67537141353813 ] ] ] ] } },
{ "type": "Feature", "properties": { "OBJECTID": 235, "東西列No": "東F25", "品目": 23, "名前": "上野毅", "面積": 3300 }, "geometry": { "type": "MultiPolygon", "coordinates": [ [ [ [ 137.020188551151222, 36.676075608595049 ], [ 137.02111327316905, 36.675887278736838 ], [ 137.021000386557034, 36.675529491177969 ], [ 137.020078314179756, 36.675720977709723 ], [ 137.020188551151222, 36.676075608595049 ] ] ] ] } },
{ "type": "Feature", "properties": { "OBJECTID": 236, "東西列No": "東E25", "品目": 0, "名前": "沢口孝司", "面積": 0 }, "geometry": { "type": "MultiPolygon", "coordinates": [ [ [ [ 137.021195675940703, 36.675868895382116 ], [ 137.021511203659372, 36.675805645182201 ], [ 137.021492246198306, 36.67580209829989 ], [ 137.021435758377038, 36.675580905852271 ], [ 137.021815206795537, 36.675503745827875 ], [ 137.021832711927686, 36.675506119305325 ], [ 137.021844414852353, 36.675547887105772 ], [ 137.022045693127097, 36.675511010414461 ], [ 137.022028321897039, 36.675490892089648 ], [ 137.021977379126099, 36.675337018818475 ], [ 137.021084245968837, 36.675515705907564 ], [ 137.021195675940703, 36.675868895382116 ] ] ] ] } },
{ "type": "Feature", "properties": { "OBJECTID": 237, "東西列No": "東C32", "品目": 4, "名前": "山本正誓", "面積": 3310 }, "geometry": { "type": "MultiPolygon", "coordinates": [ [ [ [ 137.0236444802091, 36.676931507992443 ], [ 137.024581502682395, 36.676741805160589 ], [ 137.024472309254918, 36.676392298541359 ], [ 137.023536186711539, 36.676581523963605 ], [ 137.0236444802091, 36.676931507992443 ] ] ] ] } },
{ "type": "Feature", "properties": { "OBJECTID": 238, "東西列No": "東C33", "品目": 4, "名前": "山本正誓", "面積": 3300 }, "geometry": { "type": "MultiPolygon", "coordinates": [ [ [ [ 137.02375411241087, 36.677278086895299 ], [ 137.024690336413187, 36.677092753184539 ], [ 137.024581502682395, 36.676741805160589 ], [ 137.0236444802091, 36.676931507992443 ], [ 137.02375411241087, 36.677278086895299 ] ] ] ] } },
{ "type": "Feature", "properties": { "OBJECTID": 239, "東西列No": "東E34", "品目": 0, "名前": "沢口孝司", "面積": 0 }, "geometry": { "type": "MultiPolygon", "coordinates": [ [ [ [ 137.021869684766756, 36.678039829369773 ], [ 137.02239872284369, 36.677933893103223 ], [ 137.022396829488599, 36.677881295573613 ], [ 137.022417601309797, 36.677866189241875 ], [ 137.022447266519293, 36.677851895763496 ], [ 137.022740501811626, 36.677783018755036 ], [ 137.022660430827784, 36.677503904035504 ], [ 137.021761092594886, 36.677685526588213 ], [ 137.021869684766756, 36.678039829369773 ] ] ] ] } },
{ "type": "Feature", "properties": { "OBJECTID": 240, "東西列No": "東E37", "品目": 0, "名前": "永田弘一", "面積": 0 }, "geometry": { "type": "MultiPolygon", "coordinates": [ [ [ [ 137.022189017211815, 36.679105568025854 ], [ 137.022335809556665, 36.679077808194982 ], [ 137.022370881561898, 36.679074344949576 ], [ 137.022399219785569, 36.679075884321989 ], [ 137.022818307001444, 36.678881591589608 ], [ 137.022872622004655, 36.678994353005137 ], [ 137.023078508132073, 36.678923338325085 ], [ 137.023099180138786, 36.678899406104691 ], [ 137.023100491456375, 36.67888615974443 ], [ 137.023090718309277, 36.678858958139564 ], [ 137.022989591813513, 36.678553655869869 ], [ 137.022083167503922, 36.678737074702958 ], [ 137.022189017211815, 36.679105568025854 ] ] ] ] } },
{ "type": "Feature", "properties": { "OBJECTID": 241, "東西列No": "東C36", "品目": 4, "名前": "山本康芳", "面積": 3220 }, "geometry": { "type": "MultiPolygon", "coordinates": [ [ [ [ 137.023975910387463, 36.677982269304671 ], [ 137.024085242207917, 36.67833558861436 ], [ 137.024107765446274, 36.678323187747466 ], [ 137.025016255714547, 36.678136655740275 ], [ 137.024908406229315, 36.677790395592112 ], [ 137.023975910387463, 36.677982269304671 ] ] ] ] } },
{ "type": "Feature", "properties": { "OBJECTID": 242, "東西列No": "東C37", "品目": 4, "名前": "山本康芳", "面積": 3330 }, "geometry": { "type": "MultiPolygon", "coordinates": [ [ [ [ 137.024192050522544, 36.678686660745406 ], [ 137.024994616770243, 36.678521162802248 ], [ 137.024969415991819, 36.678437878062709 ], [ 137.025050902944457, 36.678419581082309 ], [ 137.025099254188177, 36.678408874392836 ], [ 137.025090548432871, 36.678380713517036 ], [ 137.025016255714547, 36.678136655740275 ], [ 137.024107765446274, 36.678323187747466 ], [ 137.024085242207917, 36.67833558861436 ], [ 137.024192050522544, 36.678686660745406 ] ] ] ] } },
{ "type": "Feature", "properties": { "OBJECTID": 243, "東西列No": "東C41", "品目": 4, "名前": "今村弘", "面積": 3220 }, "geometry": { "type": "MultiPolygon", "coordinates": [ [ [ [ 137.024300942984524, 36.67905482239275 ], [ 137.025242761718459, 36.678880341797203 ], [ 137.025139257117502, 36.678549281637991 ], [ 137.02513008309154, 36.678542799971098 ], [ 137.025104270619124, 36.678542913484684 ], [ 137.024204854265065, 36.678727032718463 ], [ 137.024211467978347, 36.678738522179756 ], [ 137.024300942984524, 36.67905482239275 ] ] ] ] } },
{ "type": "Feature", "properties": { "OBJECTID": 244, "東西列No": "東C42", "品目": 4, "名前": "太田勝", "面積": 3220 }, "geometry": { "type": "MultiPolygon", "coordinates": [ [ [ [ 137.024404888472475, 36.679430449126279 ], [ 137.025352227671306, 36.679237589377628 ], [ 137.025242761718459, 36.678880341797203 ], [ 137.024300942984524, 36.67905482239275 ], [ 137.024404888472475, 36.679430449126279 ] ] ] ] } },
{ "type": "Feature", "properties": { "OBJECTID": 245, "東西列No": "東C43", "品目": 4, "名前": "太田勝", "面積": 3220 }, "geometry": { "type": "MultiPolygon", "coordinates": [ [ [ [ 137.024458361085976, 36.679800518038803 ], [ 137.02486822616703, 36.679711794983618 ], [ 137.024888034854314, 36.679721569773569 ], [ 137.025446421363597, 36.679601244428248 ], [ 137.025454655394071, 36.679595639589465 ], [ 137.025460760038527, 36.679585832538066 ], [ 137.025460697694427, 36.679577090626161 ], [ 137.025352227671306, 36.679237589377628 ], [ 137.024404888472475, 36.679430449126279 ], [ 137.024426073786003, 36.679518938228846 ], [ 137.024442139443522, 36.67965345554952 ], [ 137.024458361085976, 36.679800518038803 ] ] ] ] } },
{ "type": "Feature", "properties": { "OBJECTID": 246, "東西列No": "東C45", "品目": 4, "名前": "太田勝", "面積": 3320 }, "geometry": { "type": "MultiPolygon", "coordinates": [ [ [ [ 137.024732806074326, 36.680480023115805 ], [ 137.025686886590535, 36.680284582282951 ], [ 137.025576689370013, 36.67994012252062 ], [ 137.024624760623169, 36.680141909643389 ], [ 137.024686670823684, 36.680335646703831 ], [ 137.024732806074326, 36.680480023115805 ] ] ] ] } },
{ "type": "Feature", "properties": { "OBJECTID": 247, "東西列No": "東C46", "品目": 4, "名前": "山田貴志", "面積": 3320 }, "geometry": { "type": "MultiPolygon", "coordinates": [ [ [ [ 137.024845213447776, 36.680831813177413 ], [ 137.025802145806097, 36.680639339847581 ], [ 137.025686886590535, 36.680284582282951 ], [ 137.024732806074326, 36.680480023115805 ], [ 137.024845213447776, 36.680831813177413 ] ] ] ] } },
{ "type": "Feature", "properties": { "OBJECTID": 248, "東西列No": "東D45", "品目": 0, "名前": "沢口孝司", "面積": 0 }, "geometry": { "type": "MultiPolygon", "coordinates": [ [ [ [ 137.023761027099283, 36.680677552923292 ], [ 137.024083555126481, 36.680613853766474 ], [ 137.024675688688433, 36.6804909949727 ], [ 137.024571704091414, 36.680165566464744 ], [ 137.024568544649497, 36.680155667295715 ], [ 137.024564493877335, 36.680149795517778 ], [ 137.023651960377464, 36.680331164155639 ], [ 137.023655264046994, 36.680341667339391 ], [ 137.023761027099283, 36.680677552923292 ] ] ] ] } },
{ "type": "Feature", "properties": { "OBJECTID": 249, "東西列No": "東E42", "品目": 0, "名前": "北陸営農", "面積": 0 }, "geometry": { "type": "MultiPolygon", "coordinates": [ [ [ [ 137.022415058021522, 36.679839633718764 ], [ 137.022954151068717, 36.679729940106668 ], [ 137.023356162698292, 36.679647377125441 ], [ 137.023343204277325, 36.679606103661136 ], [ 137.023314337392662, 36.679611980920654 ], [ 137.023214953189523, 36.679295325599114 ], [ 137.022300688353056, 36.679478844758357 ], [ 137.022415058021522, 36.679839633718764 ] ] ] ] } },
{ "type": "Feature", "properties": { "OBJECTID": 250, "東西列No": "東E44", "品目": 0, "名前": "北陸営農", "面積": 0 }, "geometry": { "type": "MultiPolygon", "coordinates": [ [ [ [ 137.02263401498476, 36.680540642582578 ], [ 137.023290251725427, 36.68040572875757 ], [ 137.023232014546238, 36.680230281160576 ], [ 137.023494032918364, 36.68017187295645 ], [ 137.023440941885013, 36.680002704134921 ], [ 137.022525114375583, 36.680191990918004 ], [ 137.02263401498476, 36.680540642582578 ] ] ] ] } },
{ "type": "Feature", "properties": { "OBJECTID": 251, "東西列No": "東E45", "品目": 0, "名前": "沢口孝司", "面積": 0 }, "geometry": { "type": "MultiPolygon", "coordinates": [ [ [ [ 137.02274000126684, 36.680886595957432 ], [ 137.023112021711682, 36.68080990957511 ], [ 137.023447026593686, 36.680734114785373 ], [ 137.02340372811031, 36.680599807926427 ], [ 137.023614411052876, 36.68055435131221 ], [ 137.02355148983338, 36.680352059908472 ], [ 137.023290251725427, 36.68040572875757 ], [ 137.02263401498476, 36.680540642582578 ], [ 137.02274000126684, 36.680886595957432 ] ] ] ] } },
{ "type": "Feature", "properties": { "OBJECTID": 252, "東西列No": "東C47", "品目": 4, "名前": "山田貴志", "面積": 2720 }, "geometry": { "type": "MultiPolygon", "coordinates": [ [ [ [ 137.024934827783738, 36.681166371694076 ], [ 137.025878568155861, 36.680963842469801 ], [ 137.025870303621645, 36.68095542431405 ], [ 137.02585964854174, 36.680920309188508 ], [ 137.025791498911161, 36.680704088939763 ], [ 137.025771567041971, 36.680694169960368 ], [ 137.024848851265602, 36.68087981649817 ], [ 137.024934827783738, 36.681166371694076 ] ] ] ] } },
{ "type": "Feature", "properties": { "OBJECTID": 253, "東西列No": "東B47", "品目": 1, "名前": "山田貴志", "面積": 2270 }, "geometry": { "type": "MultiPolygon", "coordinates": [ [ [ [ 137.025977711826442, 36.680946647203349 ], [ 137.026526590281549, 36.680835011378591 ], [ 137.026816440201685, 36.680576080075269 ], [ 137.026785136657963, 36.680493987202027 ], [ 137.025889357956913, 36.680673283800367 ], [ 137.025977711826442, 36.680946647203349 ] ] ] ] } },
{ "type": "Feature", "properties": { "OBJECTID": 255, "東西列No": "東A36", "品目": 2, "名前": "岡田義巳", "面積": 3000 }, "geometry": { "type": "MultiPolygon", "coordinates": [ [ [ [ 137.026427514731722, 36.677856090769325 ], [ 137.027005643978839, 36.677735970564122 ], [ 137.027013101683821, 36.67772639032173 ], [ 137.027016099529703, 36.677714389577453 ], [ 137.02691118613177, 36.677379453986283 ], [ 137.025947099444181, 36.677579858663577 ], [ 137.026020555401459, 36.677817786595909 ], [ 137.026046760475026, 36.677903054993962 ], [ 137.026318297327094, 36.677754547737891 ], [ 137.026352025736514, 36.677751189881455 ], [ 137.026427514731722, 36.677856090769325 ] ] ] ] } },
{ "type": "Feature", "properties": { "OBJECTID": 256, "東西列No": "東A35", "品目": 2, "名前": "岡田義巳", "面積": 3370 }, "geometry": { "type": "MultiPolygon", "coordinates": [ [ [ [ 137.025947099444181, 36.677579858663577 ], [ 137.02691118613177, 36.677379453986283 ], [ 137.026803171577711, 36.677033736041629 ], [ 137.025838801364131, 36.677232310046534 ], [ 137.025947099444181, 36.677579858663577 ] ] ] ] } },
{ "type": "Feature", "properties": { "OBJECTID": 257, "東西列No": "東A32", "品目": 2, "名前": "山本正誓", "面積": 2380 }, "geometry": { "type": "MultiPolygon", "coordinates": [ [ [ [ 137.025617017666491, 36.676524427002782 ], [ 137.026584439012169, 36.676329273978673 ], [ 137.026520799015401, 36.676126072917221 ], [ 137.026460321573012, 36.676091593114911 ], [ 137.025928826516378, 36.676198914427658 ], [ 137.025887682336901, 36.676207625664006 ], [ 137.025865170326, 36.676208220891965 ], [ 137.025850429833753, 36.676205076226346 ], [ 137.025838265016347, 36.676194499532137 ], [ 137.025828202813528, 36.676178220594871 ], [ 137.025827345897142, 36.676175705175055 ], [ 137.02552736672078, 36.676235704793243 ], [ 137.02556646843928, 36.676359074197919 ], [ 137.025617017666491, 36.676524427002782 ] ] ] ] } },
{ "type": "Feature", "properties": { "OBJECTID": 258, "東西列No": "西A8", "品目": 0, "名前": "大田進", "面積": 0 }, "geometry": { "type": "MultiPolygon", "coordinates": [ [ [ [ 137.01726032844357, 36.673243470571968 ], [ 137.016712751337309, 36.673339627588945 ], [ 137.016721548290519, 36.673361015633368 ], [ 137.016728274578611, 36.673382869705172 ], [ 137.016734329334327, 36.673404858114232 ], [ 137.016740395263867, 36.673426855549216 ], [ 137.016746461196846, 36.673448852983817 ], [ 137.016752527150743, 36.67347084140583 ], [ 137.016758593090572, 36.67349283883965 ], [ 137.016764659033839, 36.673514836273114 ], [ 137.016770724998025, 36.673536824693976 ], [ 137.016776914067748, 36.673558795244979 ], [ 137.01678345008898, 36.673580703146754 ], [ 137.016789986113849, 36.673602611048096 ], [ 137.016791453376698, 36.673607533562475 ], [ 137.017292778360371, 36.673507127507037 ], [ 137.01726032844357, 36.673243470571968 ] ] ] ] } },
{ "type": "Feature", "properties": { "OBJECTID": 259, "東西列No": "西A7", "品目": 0, "名前": "大田進", "面積": 0 }, "geometry": { "type": "MultiPolygon", "coordinates": [ [ [ [ 137.017058909970444, 36.672851880386489 ], [ 137.017074896314227, 36.673043166668329 ], [ 137.016914034447353, 36.673050291430123 ], [ 137.01691269004408, 36.673074343336062 ], [ 137.016606510173716, 36.673098011528765 ], [ 137.016603124276259, 36.673113219877699 ], [ 137.016610912283227, 36.67312986623579 ], [ 137.016620783814261, 36.673150949227086 ], [ 137.016630644162774, 36.673172032203432 ], [ 137.016640515704552, 36.673193115192987 ], [ 137.016650387251644, 36.67321419818164 ], [ 137.016660728992264, 36.673235128554062 ], [ 137.016671574507797, 36.673255897340177 ], [ 137.016682420046664, 36.673276657113043 ], [ 137.016693254385928, 36.673297425883 ], [ 137.01670395438893, 36.673318239543796 ], [ 137.0167138537619, 36.673342296591962 ], [ 137.01726032844357, 36.673243470571968 ], [ 137.017256913695491, 36.673215798794757 ], [ 137.01721854211948, 36.673214290670082 ], [ 137.017214615097743, 36.673133338046135 ], [ 137.017209118192454, 36.673060025807466 ], [ 137.017201957135939, 36.672979465659758 ], [ 137.01719396626001, 36.672899904824689 ], [ 137.01718678501399, 36.672852933167775 ], [ 137.017184365175751, 36.672843052744625 ], [ 137.017177023688191, 36.672838438288515 ], [ 137.017165592284812, 36.672837108155633 ], [ 137.017058909970444, 36.672851880386489 ] ] ] ] } },
{ "type": "Feature", "properties": { "OBJECTID": 260, "東西列No": "西A6", "品目": 0, "名前": "大田進", "面積": 0 }, "geometry": { "type": "MultiPolygon", "coordinates": [ [ [ [ 137.01704982611119, 36.672828419195589 ], [ 137.017158307278947, 36.672814865879886 ], [ 137.017171382281305, 36.672810934944032 ], [ 137.017180370178778, 36.67280305152714 ], [ 137.017166841077255, 36.672636894387914 ], [ 137.017121060955134, 36.67264246053157 ], [ 137.017066395593361, 36.672649114986662 ], [ 137.017012122824582, 36.672655238189364 ], [ 137.016957011574078, 36.672661044885835 ], [ 137.016901852507686, 36.672668428634005 ], [ 137.016847229711146, 36.672676191544234 ], [ 137.016793657892151, 36.67268429821609 ], [ 137.016739511970087, 36.67269421559601 ], [ 137.016704066089943, 36.672701452835994 ], [ 137.016687341271933, 36.672706712931891 ], [ 137.016641353595958, 36.672721182696513 ], [ 137.0166181405163, 36.672731850949241 ], [ 137.016594311716062, 36.672742716690244 ], [ 137.016563718529909, 36.672768669358319 ], [ 137.017038522902027, 36.672731992335443 ], [ 137.01704982611119, 36.672828419195589 ] ] ] ] } },
{ "type": "Feature", "properties": { "OBJECTID": 261, "東西列No": "西A1", "品目": 0, "名前": "東保河合", "面積": 0 }, "geometry": { "type": "MultiPolygon", "coordinates": [ [ [ [ 137.01759337076524, 36.671740921005799 ], [ 137.017594006942346, 36.67169531098147 ], [ 137.017604293023084, 36.671559518784846 ], [ 137.017609885827142, 36.671502045875101 ], [ 137.016335119310838, 36.671686527787429 ], [ 137.016377782832336, 36.671971646999879 ], [ 137.01759337076524, 36.671740921005799 ] ] ] ] } },
{ "type": "Feature", "properties": { "OBJECTID": 262, "東西列No": "東E1", "品目": 4, "名前": "山本信治", "面積": 2110 }, "geometry": { "type": "MultiPolygon", "coordinates": [ [ [ [ 137.020487204980839, 36.672891546765506 ], [ 137.020763169239785, 36.672871283256526 ], [ 137.020753167386857, 36.672853462868183 ], [ 137.020735370016126, 36.672715878628964 ], [ 137.02088593139365, 36.672706347859034 ], [ 137.020893900126538, 36.672740342672149 ], [ 137.020908077625137, 36.672839844051452 ], [ 137.021191522593966, 36.672797753913102 ], [ 137.021283191455126, 36.672782193614182 ], [ 137.02126301763451, 36.672694146691029 ], [ 137.02124955225716, 36.67264999743761 ], [ 137.021237566401453, 36.6726341303171 ], [ 137.021214590547686, 36.672620160362811 ], [ 137.021011925556735, 36.672577420078689 ], [ 137.020686937276508, 36.672508925872151 ], [ 137.020461722481599, 36.672463967040564 ], [ 137.020487204980839, 36.672891546765506 ] ] ] ] } },
{ "type": "Feature", "properties": { "OBJECTID": 263, "東西列No": "東C5", "品目": 0, "名前": "北陸営農", "面積": 0 }, "geometry": { "type": "MultiPolygon", "coordinates": [ [ [ [ 137.023060917757391, 36.673678461233365 ], [ 137.023074556908938, 36.673659849435467 ], [ 137.02308003701566, 36.673636838851316 ], [ 137.023077355004347, 36.6736171078837 ], [ 137.023054354793942, 36.673555706980068 ], [ 137.023029504407276, 36.673502586063698 ], [ 137.022798054275995, 36.673553450993872 ], [ 137.022788689984282, 36.673553439680965 ], [ 137.022712070842715, 36.673321399762031 ], [ 137.022524422150155, 36.673360060490189 ], [ 137.022643485351409, 36.673749523123838 ], [ 137.022644479351953, 36.67376245685103 ], [ 137.023060917757391, 36.673678461233365 ] ] ] ] } },
{ "type": "Feature", "properties": { "OBJECTID": 264, "東西列No": "東C4", "品目": 0, "名前": "北陸営農", "面積": 0 }, "geometry": { "type": "MultiPolygon", "coordinates": [ [ [ [ 137.023145608227679, 36.673661701476682 ], [ 137.023484244480215, 36.673593431528758 ], [ 137.023483047914738, 36.673583476100937 ], [ 137.023362606856409, 36.67318677582643 ], [ 137.023095539523695, 36.673241554836586 ], [ 137.023148306711647, 36.673419564590084 ], [ 137.023079028350082, 36.673433062487263 ], [ 137.023069658430217, 36.673442108463874 ], [ 137.023076954443638, 36.6735316265611 ], [ 137.023081569966052, 36.673540391996994 ], [ 137.023099167468075, 36.673583158138527 ], [ 137.023114017827169, 36.673641259752031 ], [ 137.023145608227679, 36.673661701476682 ] ] ] ] } },
{ "type": "Feature", "properties": { "OBJECTID": 265, "東西列No": "東A42", "品目": 2, "名前": "今村弘", "面積": 3390 }, "geometry": { "type": "MultiPolygon", "coordinates": [ [ [ [ 137.026399357739933, 36.679018325757916 ], [ 137.027346495212214, 36.678820096633814 ], [ 137.027241516334328, 36.678470228091271 ], [ 137.026290351742063, 36.678670227053374 ], [ 137.026399357739933, 36.679018325757916 ] ] ] ] } },
{ "type": "Feature", "properties": { "OBJECTID": 266, "東西列No": "東E35", "品目": 0, "名前": "沢口孝司", "面積": 0 }, "geometry": { "type": "MultiPolygon", "coordinates": [ [ [ [ 137.02197579262247, 36.678382944866662 ], [ 137.022880526703688, 36.67820384164191 ], [ 137.022834777847748, 36.678058834074008 ], [ 137.022461976737191, 36.678135122156 ], [ 137.02239872284369, 36.677933893103223 ], [ 137.021869684766756, 36.678039829369773 ], [ 137.021930084835532, 36.678234782735018 ], [ 137.02197579262247, 36.678382944866662 ] ] ] ] } },
{ "type": "Feature", "properties": { "OBJECTID": 267, "東西列No": "東D46-2", "品目": 0, "名前": "沢口孝司", "面積": 0 }, "geometry": { "type": "MultiPolygon", "coordinates": [ [ [ [ 137.023818325331007, 36.680859379762538 ], [ 137.023821273147661, 36.680868719939859 ], [ 137.023879628421099, 36.681053900551049 ], [ 137.023990105609045, 36.681031475427858 ], [ 137.024300381646952, 36.68096848198482 ], [ 137.02464253538335, 36.680899018945638 ], [ 137.024796105890687, 36.680867839539829 ], [ 137.024734773517736, 36.680675900274807 ], [ 137.02413485696465, 36.680795574141925 ], [ 137.023818325331007, 36.680859379762538 ] ] ] ] } },
{ "type": "Feature", "properties": { "OBJECTID": 268, "東西列No": "東D46-1", "品目": 0, "名前": "大田進", "面積": 0 }, "geometry": { "type": "MultiPolygon", "coordinates": [ [ [ [ 137.024083555126481, 36.680613853766474 ], [ 137.023761027099283, 36.680677552923292 ], [ 137.023769508919088, 36.680704464525242 ], [ 137.024092359242331, 36.680645037515617 ], [ 137.02413485696465, 36.680795574141925 ], [ 137.024734773517736, 36.680675900274807 ], [ 137.024675688688433, 36.6804909949727 ], [ 137.024083555126481, 36.680613853766474 ] ] ] ] } },
{ "type": "Feature", "properties": { "OBJECTID": 269, "東西列No": "東D47", "品目": 0, "名前": "沢口孝司", "面積": 0 }, "geometry": { "type": "MultiPolygon", "coordinates": [ [ [ [ 137.024083105600255, 36.68129391398039 ], [ 137.024304115826396, 36.681231174103097 ], [ 137.024334192288705, 36.681224955587858 ], [ 137.024346531503056, 36.681226214019411 ], [ 137.02435577542164, 36.681237409208883 ], [ 137.024378847970922, 36.681273476573367 ], [ 137.024384238966434, 36.681280710800344 ], [ 137.024397349819537, 36.681282195453633 ], [ 137.024320727827444, 36.681032817379631 ], [ 137.024300381646952, 36.68096848198482 ], [ 137.023990105609045, 36.681031475427858 ], [ 137.024083105600255, 36.68129391398039 ] ] ] ] } },
{ "type": "Feature", "properties": { "OBJECTID": 270, "東西列No": "東D43-1", "品目": 2, "名前": "柴田実", "面積": 970 }, "geometry": { "type": "MultiPolygon", "coordinates": [ [ [ [ 137.024351457870836, 36.679456962274571 ], [ 137.024348060301406, 36.679442736955984 ], [ 137.023691395661871, 36.679572447074349 ], [ 137.023764425514315, 36.679771838718366 ], [ 137.024369071738306, 36.679657793252943 ], [ 137.02437627486853, 36.679590489709007 ], [ 137.024373798718926, 36.679568046362405 ], [ 137.024371322570744, 36.679545603015661 ], [ 137.024367357999751, 36.679523329122105 ], [ 137.024362061683348, 36.679501206844364 ], [ 137.024356754181184, 36.679479084552931 ], [ 137.024351457870836, 36.679456962274571 ] ] ] ] } },
{ "type": "Feature", "properties": { "OBJECTID": 271, "東西列No": "西B34", "品目": 0, "名前": "有沢徹朗", "面積": 0 }, "geometry": { "type": "MultiPolygon", "coordinates": [ [ [ [ 137.017254369110418, 36.678299683603804 ], [ 137.017325371920236, 36.678560881477303 ], [ 137.018098711482594, 36.678419032376553 ], [ 137.018022855448606, 36.678155754287999 ], [ 137.017254369110418, 36.678299683603804 ] ] ] ] } },
{ "type": "Feature", "properties": { "OBJECTID": 272, "東西列No": "西B33", "品目": 0, "名前": "北陸営農", "面積": 0 }, "geometry": { "type": "MultiPolygon", "coordinates": [ [ [ [ 137.016927856578292, 36.678359247915168 ], [ 137.017453775237698, 36.678262585243623 ], [ 137.017377683878209, 36.678000712348748 ], [ 137.016853554844261, 36.678098530503917 ], [ 137.016927856578292, 36.678359247915168 ] ] ] ] } },
{ "type": "Feature", "properties": { "OBJECTID": 273, "東西列No": "東G7", "品目": 0, "名前": "高田和彦", "面積": 0 }, "geometry": { "type": "MultiPolygon", "coordinates": [ [ [ [ 137.019014757930648, 36.674186966207074 ], [ 137.019146387114745, 36.674161943805267 ], [ 137.019241458464421, 36.674421199562033 ], [ 137.019244780968364, 36.674430181639799 ], [ 137.019547591915085, 36.674373123985269 ], [ 137.019554892926635, 36.674340382628387 ], [ 137.019446295274065, 36.673985482718543 ], [ 137.018383402418635, 36.674200321921781 ], [ 137.018385143511068, 36.674208362982228 ], [ 137.018389978910562, 36.674230557067254 ], [ 137.018394803124806, 36.67425275113807 ], [ 137.018399627341779, 36.674274945208595 ], [ 137.018404462766824, 36.674297130280614 ], [ 137.018409286989311, 36.674319324350598 ], [ 137.018413878357933, 36.674340427652886 ], [ 137.018418901861111, 36.674363721460189 ], [ 137.018423681339669, 36.674385915473664 ], [ 137.01842847200902, 36.67440810950081 ], [ 137.018433262663791, 36.674430312539847 ], [ 137.018438042150535, 36.674452506552512 ], [ 137.018442832810763, 36.674474709591024 ], [ 137.018446847172441, 36.67449333381532 ], [ 137.018453813096443, 36.674518883090819 ], [ 137.018459801268364, 36.674540889350119 ], [ 137.018465800631787, 36.674562895622969 ], [ 137.018470519478115, 36.674570048178452 ], [ 137.018471799998565, 36.674584901895443 ], [ 137.018657506967088, 36.674546236140458 ], [ 137.018576105681632, 36.674281824816347 ], [ 137.019014757930648, 36.674186966207074 ] ] ] ] } },
{ "type": "Feature", "properties": { "OBJECTID": 274, "東西列No": "西A14", "品目": 0, "名前": "林與志美", "面積": 0 }, "geometry": { "type": "MultiPolygon", "coordinates": [ [ [ [ 137.017478885910208, 36.674772431946081 ], [ 137.017563407379953, 36.674763327319639 ], [ 137.017965174158036, 36.674721380348281 ], [ 137.017963051336437, 36.674708816478464 ], [ 137.01791341558237, 36.67450232980206 ], [ 137.017445878209031, 36.67458845137341 ], [ 137.017478885910208, 36.674772431946081 ] ] ] ] } },
{ "type": "Feature", "properties": { "OBJECTID": 276, "東西列No": "西F1", "品目": 0, "名前": "柴田満彦", "面積": 0 }, "geometry": { "type": "MultiPolygon", "coordinates": [ [ [ [ 137.010524955176152, 36.673325934718967 ], [ 137.010604489620448, 36.673592061432949 ], [ 137.011479886894108, 36.673432517637323 ], [ 137.011336245588637, 36.673309809353569 ], [ 137.011241910369051, 36.673242437149796 ], [ 137.011222163063991, 36.673198269561645 ], [ 137.010524955176152, 36.673325934718967 ] ] ] ] } },
{ "type": "Feature", "properties": { "OBJECTID": 281, "東西列No": "東F3", "品目": 2, "名前": "山本亮二", "面積": 3680 }, "geometry": { "type": "MultiPolygon", "coordinates": [ [ [ [ 137.019423302363322, 36.673616386179894 ], [ 137.019824710112687, 36.673534803974917 ], [ 137.020431321179842, 36.673412068657363 ], [ 137.020430121908078, 36.673389563689156 ], [ 137.02042892265402, 36.673367049708659 ], [ 137.020427734571484, 36.673344544754016 ], [ 137.020426535318791, 36.673322030773342 ], [ 137.020425347237591, 36.673299525818486 ], [ 137.020424147986233, 36.673277011837612 ], [ 137.020422948735558, 36.673254497856647 ], [ 137.020421760656376, 36.673231992901513 ], [ 137.020420561407036, 36.673209478920363 ], [ 137.020419283826243, 36.673186973855117 ], [ 137.020417793659675, 36.673164477540936 ], [ 137.020416303493931, 36.673141981226671 ], [ 137.020414813346122, 36.673119475900066 ], [ 137.020413323182083, 36.673096979585594 ], [ 137.020411833018898, 36.673074483271002 ], [ 137.020410354044373, 36.673051986970044 ], [ 137.020409842798955, 36.673044280899724 ], [ 137.019317214040797, 36.673272366954272 ], [ 137.019375858408495, 36.673467454772123 ], [ 137.019423302363322, 36.673616386179894 ] ] ] ] } },
{ "type": "Feature", "properties": { "OBJECTID": 282, "東西列No": "西A35", "品目": 0, "名前": "塩谷建設", "面積": 0 }, "geometry": { "type": "MultiPolygon", "coordinates": [ [ [ [ 137.018250212740099, 36.678671716231975 ], [ 137.018471863477231, 36.678629418614982 ], [ 137.018366569861826, 36.678382992988645 ], [ 137.018176119971116, 36.678410405109702 ], [ 137.018250212740099, 36.678671716231975 ] ] ] ] } },
{ "type": "Feature", "properties": { "OBJECTID": 283, "東西列No": "東E41", "品目": 0, "名前": "永田弘一", "面積": 0 }, "geometry": { "type": "MultiPolygon", "coordinates": [ [ [ [ 137.022727397720359, 36.679289272280684 ], [ 137.022764022222134, 36.679385840855076 ], [ 137.023214953189523, 36.679295325599114 ], [ 137.023122265046709, 36.679000397663572 ], [ 137.023120274071943, 36.67899404165933 ], [ 137.023127805212511, 36.678968144253474 ], [ 137.023107237996413, 36.678963976550484 ], [ 137.023008410147042, 36.678999488924177 ], [ 137.022961844082914, 36.679016750592531 ], [ 137.022957650451588, 36.679021612122334 ], [ 137.022955784776656, 36.679026097948778 ], [ 137.022956758688622, 36.679031848910647 ], [ 137.023016529661447, 36.679127747797708 ], [ 137.02301832152952, 36.679132868891351 ], [ 137.023017843961952, 36.679136977880532 ], [ 137.02301366151633, 36.679141839425718 ], [ 137.023007142015757, 36.679145950138441 ], [ 137.022986677926411, 36.679157902669267 ], [ 137.022727397720359, 36.679289272280684 ] ] ] ] } },
{ "type": "Feature", "properties": { "OBJECTID": 284, "東西列No": "東D41", "品目": 2, "名前": "今村弘", "面積": 2450 }, "geometry": { "type": "MultiPolygon", "coordinates": [ [ [ [ 137.02357954819729, 36.678853278509948 ], [ 137.023633710161988, 36.679043855278074 ], [ 137.023432158714286, 36.679083503745147 ], [ 137.023478943248961, 36.679235090313554 ], [ 137.024248590502026, 36.67907989483291 ], [ 137.024157479174363, 36.67875913158236 ], [ 137.024159790669984, 36.678737342836307 ], [ 137.02357954819729, 36.678853278509948 ] ] ] ] } },
{ "type": "Feature", "properties": { "OBJECTID": 286, "東西列No": "東D44", "品目": 2, "名前": "柴田実", "面積": 2250 }, "geometry": { "type": "MultiPolygon", "coordinates": [ [ [ [ 137.024533951289612, 36.680105527174305 ], [ 137.024479595155185, 36.680026749701661 ], [ 137.02442525032032, 36.679947972216809 ], [ 137.024410929956076, 36.679904678509772 ], [ 137.024398716904187, 36.679840490721901 ], [ 137.024387392026, 36.679804381513812 ], [ 137.023534609965765, 36.679973525292695 ], [ 137.023580147548842, 36.680102825826047 ], [ 137.023891947263621, 36.680042971511561 ], [ 137.023961080168846, 36.680268846113378 ], [ 137.024564493877335, 36.680149795517778 ], [ 137.024533951289612, 36.680105527174305 ] ] ] ] } },
{ "type": "Feature", "properties": { "OBJECTID": 287, "東西列No": "東D43-2", "品目": 2, "名前": "柴田実", "面積": 1370 }, "geometry": { "type": "MultiPolygon", "coordinates": [ [ [ [ 137.024387392026, 36.679804381513812 ], [ 137.024369071738306, 36.679657793252943 ], [ 137.023764425514315, 36.679771838718366 ], [ 137.023486161707751, 36.679823420172767 ], [ 137.023534609965765, 36.679973525292695 ], [ 137.024387392026, 36.679804381513812 ] ] ] ] } },
{ "type": "Feature", "properties": { "OBJECTID": 288, "東西列No": "東C28", "品目": 0, "名前": "山本正誓", "面積": 0 }, "geometry": { "type": "MultiPolygon", "coordinates": [ [ [ [ 137.023416285595829, 36.676151650646098 ], [ 137.02357823492332, 36.676118720067691 ], [ 137.023568529671735, 36.676087576630842 ], [ 137.023378003617381, 36.676123901060173 ], [ 137.023416285595829, 36.676151650646098 ] ] ] ] } },
{ "type": "Feature", "properties": { "OBJECTID": 289, "東西列No": "東G25", "品目": 83, "名前": "松本哲男", "面積": 2230 }, "geometry": { "type": "MultiPolygon", "coordinates": [ [ [ [ 137.020026509966129, 36.675840236483324 ], [ 137.019865363975782, 36.675871494161477 ], [ 137.019836088039767, 36.675770578103702 ], [ 137.019165538652771, 36.675904537862785 ], [ 137.019258584688458, 36.676189691209679 ], [ 137.02008488819223, 36.676025414620135 ], [ 137.020026509966129, 36.675840236483324 ] ] ] ] } },
{ "type": "Feature", "properties": { "OBJECTID": 290, "東西列No": "西A38", "品目": 0, "名前": "沢木福光", "面積": 0 }, "geometry": { "type": "MultiPolygon", "coordinates": [ [ [ [ 137.018470704571115, 36.679472761207535 ], [ 137.018502088238847, 36.679589931866403 ], [ 137.018725880588079, 36.679546563998045 ], [ 137.018952782338147, 36.67950656021619 ], [ 137.018965112157645, 36.679375007251082 ], [ 137.018470704571115, 36.679472761207535 ] ] ] ] } },
{ "type": "Feature", "properties": { "OBJECTID": 293, "東西列No": "西A3-1", "品目": 83, "名前": "山本信治", "面積": 1590 }, "geometry": { "type": "MultiPolygon", "coordinates": [ [ [ [ 137.016402648729667, 36.672238584117594 ], [ 137.016410602895604, 36.672279031958261 ], [ 137.016433741365177, 36.672352726986851 ], [ 137.016438810648594, 36.672368212760283 ], [ 137.01646415930901, 36.672445654243539 ], [ 137.016482105527587, 36.672519973567049 ], [ 137.016491428280034, 36.67255856661032 ], [ 137.016503436988017, 36.67263125624347 ], [ 137.016510993144692, 36.672721126551806 ], [ 137.016549184313533, 36.672694426448722 ], [ 137.016596371022786, 36.672673199070374 ], [ 137.016672372281874, 36.672648907766487 ], [ 137.016708311715121, 36.672640995241309 ], [ 137.016674344142075, 36.672313142198902 ], [ 137.017079123447672, 36.672246537353189 ], [ 137.01723270151254, 36.672233049615407 ], [ 137.017222727474234, 36.672149241530946 ], [ 137.017224033624075, 36.672081273048491 ], [ 137.017028768805204, 36.672118671882842 ], [ 137.016402648729667, 36.672238584117594 ] ] ] ] } },
{ "type": "Feature", "properties": { "OBJECTID": 294, "東西列No": "西A11", "品目": 83, "名前": "川岸弘明", "面積": 900 }, "geometry": { "type": "MultiPolygon", "coordinates": [ [ [ [ 137.017064319116059, 36.673829788850682 ], [ 137.017102143610259, 36.673953993095026 ], [ 137.017139219430362, 36.674064484305092 ], [ 137.017524262514229, 36.673991130083145 ], [ 137.017453937639317, 36.673757832986432 ], [ 137.017064319116059, 36.673829788850682 ] ] ] ] } },
{ "type": "Feature", "properties": { "OBJECTID": 295, "東西列No": "西B21", "品目": 83, "名前": "星野修", "面積": 1560 }, "geometry": { "type": "MultiPolygon", "coordinates": [ [ [ [ 137.01653884709134, 36.674980487104172 ], [ 137.016552299589506, 36.675076159658566 ], [ 137.01658891490743, 36.675198961116877 ], [ 137.016614809228145, 36.675284609737993 ], [ 137.017103388863518, 36.675195030148117 ], [ 137.016997383551569, 36.674893249289262 ], [ 137.016612445505785, 36.674932986380171 ], [ 137.016618740145759, 36.67496976412847 ], [ 137.01653884709134, 36.674980487104172 ] ] ] ] } },
{ "type": "Feature", "properties": { "OBJECTID": 296, "東西列No": "東E4", "品目": 4, "名前": "柴田篤志", "面積": 2190 }, "geometry": { "type": "MultiPolygon", "coordinates": [ [ [ [ 137.020537328781046, 36.67376600022213 ], [ 137.020654868825943, 36.674139484287572 ], [ 137.020639527987242, 36.674158328037151 ], [ 137.021166916792566, 36.674053503628791 ], [ 137.02110574068189, 36.673756539564366 ], [ 137.021087913736693, 36.673654404900041 ], [ 137.020537328781046, 36.67376600022213 ] ] ] ] } },
{ "type": "Feature", "properties": { "OBJECTID": 297, "東西列No": "東E23", "品目": 4, "名前": "柴田満彦", "面積": 1960 }, "geometry": { "type": "MultiPolygon", "coordinates": [ [ [ [ 137.021093772026859, 36.67494478051848 ], [ 137.020914240194941, 36.674977441076294 ], [ 137.02093941691848, 36.67505751924196 ], [ 137.02095460549836, 36.675105828855123 ], [ 137.021181578211355, 36.675064568172118 ], [ 137.021159040743527, 36.674998036832292 ], [ 137.021152609778966, 36.674979031234706 ], [ 137.021622418947089, 36.674849936672892 ], [ 137.021660802409428, 36.674958868945723 ], [ 137.021839847014178, 36.674916756465244 ], [ 137.021754106653304, 36.674639346433302 ], [ 137.021049032406637, 36.674784719426917 ], [ 137.021093772026859, 36.67494478051848 ] ] ] ] } },
{ "type": "Feature", "properties": { "OBJECTID": 298, "東西列No": "東E27", "品目": 4, "名前": "岡田義巳", "面積": 1820 }, "geometry": { "type": "MultiPolygon", "coordinates": [ [ [ [ 137.021317800419638, 36.676265077008878 ], [ 137.021414409381265, 36.676571060224184 ], [ 137.021887774339376, 36.676473706389388 ], [ 137.022316206993253, 36.67638282826362 ], [ 137.022329711748483, 36.67638261031496 ], [ 137.022316425140104, 36.676331936585939 ], [ 137.022245339298706, 36.676347252264051 ], [ 137.021876153613135, 36.676426796333352 ], [ 137.021800131745835, 36.676172135120531 ], [ 137.021317800419638, 36.676265077008878 ] ] ] ] } },
{ "type": "Feature", "properties": { "OBJECTID": 299, "東西列No": "東D34", "品目": 2, "名前": "柴田実", "面積": 2050 }, "geometry": { "type": "MultiPolygon", "coordinates": [ [ [ [ 137.023808107936901, 36.677641226469802 ], [ 137.023692715724934, 36.67729312667101 ], [ 137.023293146272607, 36.677374194142331 ], [ 137.023203090781607, 36.677392465182102 ], [ 137.023288574990602, 36.677619405384064 ], [ 137.022853164613309, 36.677744168058936 ], [ 137.022879595521943, 36.677832447501281 ], [ 137.023808107936901, 36.677641226469802 ] ] ] ] } },
{ "type": "Feature", "properties": { "OBJECTID": 300, "東西列No": "東B31", "品目": 1, "名前": "岡田義巳", "面積": 1680 }, "geometry": { "type": "MultiPolygon", "coordinates": [ [ [ [ 137.024848936712857, 36.675944633571163 ], [ 137.02493607326349, 36.676175269622377 ], [ 137.024978746940036, 36.676288607475456 ], [ 137.025012036792361, 36.676281866292079 ], [ 137.025445077819228, 36.676192132341676 ], [ 137.025347431931834, 36.675870821362437 ], [ 137.025339289186007, 36.67584508184062 ], [ 137.024848936712857, 36.675944633571163 ] ] ] ] } },
{ "type": "Feature", "properties": { "OBJECTID": 301, "東西列No": "東B35", "品目": 1, "名前": "岡野恵子", "面積": 2080 }, "geometry": { "type": "MultiPolygon", "coordinates": [ [ [ [ 137.024875232466883, 36.677430507684115 ], [ 137.024907886551489, 36.677536998751002 ], [ 137.02532780266688, 36.677445492248083 ], [ 137.025391819249421, 36.677588465766952 ], [ 137.025401460205927, 36.677609994749481 ], [ 137.025433861970328, 36.677682350735374 ], [ 137.025881498623392, 36.677593488694903 ], [ 137.025859263134265, 36.677521940628246 ], [ 137.02584966372973, 36.677491054356636 ], [ 137.025771304155569, 36.677242990783711 ], [ 137.024875232466883, 36.677430507684115 ] ] ] ] } },
{ "type": "Feature", "properties": { "OBJECTID": 302, "東西列No": "東B46", "品目": 1, "名前": "山田貴志", "面積": 2000 }, "geometry": { "type": "MultiPolygon", "coordinates": [ [ [ [ 137.026101554112614, 36.680404267872689 ], [ 137.026115691530492, 36.680425688541483 ], [ 137.026072729653862, 36.680441502908778 ], [ 137.026141735447993, 36.680578564434249 ], [ 137.026200224662006, 36.680566865306389 ], [ 137.026765326552805, 36.680453859627491 ], [ 137.026767218505654, 36.680440938351168 ], [ 137.026763387318653, 36.680418745806541 ], [ 137.026757429913403, 36.680396731007733 ], [ 137.026738628712167, 36.680330865761469 ], [ 137.026662166766073, 36.680088302561636 ], [ 137.026213717701012, 36.680185755157893 ], [ 137.026279436060406, 36.680305658904736 ], [ 137.026276044647233, 36.680312459119868 ], [ 137.026224372485416, 36.680338010871949 ], [ 137.026234254224022, 36.680355425089729 ], [ 137.026101554112614, 36.680404267872689 ] ] ] ] } },
{ "type": "Feature", "properties": { "OBJECTID": 306, "東西列No": "西A24-1", "品目": 0, "名前": "松井宏道", "面積": 0 }, "geometry": { "type": "MultiPolygon", "coordinates": [ [ [ [ 137.018065130575451, 36.675686777682479 ], [ 137.018065099083486, 36.675703152827161 ], [ 137.018483185397145, 36.675643012609783 ], [ 137.018499347668779, 36.675640822024604 ], [ 137.01849264586869, 36.675604668418408 ], [ 137.018484433047462, 36.675593338864573 ], [ 137.018470896619192, 36.675592637092549 ], [ 137.018139475236723, 36.675646712023898 ], [ 137.018099885593955, 36.675655449545275 ], [ 137.018079559295444, 36.675665653043346 ], [ 137.018069380714536, 36.675675869200518 ], [ 137.018065130575451, 36.675686777682479 ] ] ] ] } },
{ "type": "Feature", "properties": { "OBJECTID": 315, "東西列No": "東G1", "品目": 2, "名前": "山本亮二", "面積": 3720 }, "geometry": { "type": "MultiPolygon", "coordinates": [ [ [ [ 137.017740759123143, 36.671983822376937 ], [ 137.017756793145679, 36.671994386717564 ], [ 137.017757299958419, 36.672028638273154 ], [ 137.017758752866285, 36.672126958844778 ], [ 137.017770608211265, 36.672239184749252 ], [ 137.017791460205189, 36.672350556724744 ], [ 137.017810845482927, 36.67243930620409 ], [ 137.017784474846366, 36.672445644875474 ], [ 137.017787360103569, 36.672457878056825 ], [ 137.018242400722073, 36.672376497975726 ], [ 137.01894393159796, 36.672235355745613 ], [ 137.018911746831748, 36.672140471273465 ], [ 137.018572230491515, 36.672071403524392 ], [ 137.018482508969555, 36.672051762451261 ], [ 137.01845687098222, 36.672043691652433 ], [ 137.018420626069343, 36.672024459535564 ], [ 137.018366563744337, 36.671985333288383 ], [ 137.018331621548157, 36.67196005557031 ], [ 137.018312490269125, 36.67194621601476 ], [ 137.018293976693883, 36.671939298606716 ], [ 137.018274044483576, 36.67193123487683 ], [ 137.018256954112502, 36.671928915465926 ], [ 137.01822332179978, 36.671929982052312 ], [ 137.017740759123143, 36.671983822376937 ] ] ] ] } },
{ "type": "Feature", "properties": { "OBJECTID": 317, "東西列No": "東G22-1", "品目": 0, "名前": "高田和彦", "面積": 0 }, "geometry": { "type": "MultiPolygon", "coordinates": [ [ [ [ 137.018539244286131, 36.674922141614822 ], [ 137.018569973108356, 36.675089377961463 ], [ 137.019729075402211, 36.674858139204296 ], [ 137.019678776161129, 36.674694427101876 ], [ 137.018539244286131, 36.674922141614822 ] ] ] ] } },
{ "type": "Feature", "properties": { "OBJECTID": 318, "東西列No": "東G22-2", "品目": 0, "名前": "沢口孝司", "面積": 0 }, "geometry": { "type": "MultiPolygon", "coordinates": [ [ [ [ 137.018569973108356, 36.675089377961463 ], [ 137.018604506647222, 36.675277321874511 ], [ 137.019785099104297, 36.675040482975604 ], [ 137.019729075402211, 36.674858139204296 ], [ 137.018569973108356, 36.675089377961463 ] ] ] ] } },
{ "type": "Feature", "properties": { "OBJECTID": 321, "東西列No": "東E43-1", "品目": 0, "名前": "今村弘", "面積": 0 }, "geometry": { "type": "MultiPolygon", "coordinates": [ [ [ [ 137.022415058021522, 36.679839633718764 ], [ 137.02245304098372, 36.679961236320885 ], [ 137.022989967561386, 36.67984972847308 ], [ 137.022954151068717, 36.679729940106668 ], [ 137.022415058021522, 36.679839633718764 ] ] ] ] } },
{ "type": "Feature", "properties": { "OBJECTID": 322, "東西列No": "東E43-2", "品目": 0, "名前": "北陸営農", "面積": 0 }, "geometry": { "type": "MultiPolygon", "coordinates": [ [ [ [ 137.02245304098372, 36.679961236320885 ], [ 137.022525114375583, 36.680191990918004 ], [ 137.023440941885013, 36.680002704134921 ], [ 137.023383802232132, 36.679820651975092 ], [ 137.023382523054636, 36.679816585932194 ], [ 137.023407662709985, 36.679811470209877 ], [ 137.023393558554119, 36.679766545431342 ], [ 137.022989967561386, 36.67984972847308 ], [ 137.02245304098372, 36.679961236320885 ] ] ] ] } },
{ "type": "Feature", "properties": { "OBJECTID": 324, "東西列No": "東B41", "品目": 1, "名前": "柴田実", "面積": 1900 }, "geometry": { "type": "MultiPolygon", "coordinates": [ [ [ [ 137.025586004193741, 36.678443179319437 ], [ 137.025700550706887, 36.67878759744292 ], [ 137.025717708362208, 36.678784041708859 ], [ 137.026222844869011, 36.678679412005245 ], [ 137.026180778343758, 36.678548568245972 ], [ 137.026056448243679, 36.678574025184403 ], [ 137.025993714758101, 36.678370455487482 ], [ 137.026114127599755, 36.67834550768579 ], [ 137.026118794123391, 36.678332733885249 ], [ 137.025611074019594, 36.678437990949845 ], [ 137.025586004193741, 36.678443179319437 ] ] ] ] } },
{ "type": "Feature", "properties": { "OBJECTID": 326, "東西列No": "東D27", "品目": 2, "名前": "岡田義巳", "面積": 3260 }, "geometry": { "type": "MultiPolygon", "coordinates": [ [ [ [ 137.022312395400689, 36.676015567119997 ], [ 137.022413188865784, 36.676332452176418 ], [ 137.022420488932568, 36.676355404299692 ], [ 137.023346072622104, 36.67616587034501 ], [ 137.023318891319349, 36.676147380625586 ], [ 137.023226452644167, 36.676084497481625 ], [ 137.023209874068982, 36.676071094381236 ], [ 137.023209913121519, 36.676050059932066 ], [ 137.023228588193888, 36.675868288140386 ], [ 137.023231953877797, 36.675827169482233 ], [ 137.022312395400689, 36.676015567119997 ] ] ] ] } },
{ "type": "Feature", "properties": { "OBJECTID": 327, "東西列No": "西A27", "品目": 1, "名前": "松井宏道", "面積": 2150 }, "geometry": { "type": "MultiPolygon", "coordinates": [ [ [ [ 137.017596415611877, 36.676860996312627 ], [ 137.017780413528072, 36.677021373415904 ], [ 137.018726686857775, 36.6768524382884 ], [ 137.018681828724596, 36.676617797492639 ], [ 137.018199270421661, 36.676680486893169 ], [ 137.017596415611877, 36.676860996312627 ] ] ] ] } },
{ "type": "Feature", "properties": { "OBJECTID": 329, "東西列No": "東C44", "品目": 4, "名前": "太田勝", "面積": 2280 }, "geometry": { "type": "MultiPolygon", "coordinates": [ [ [ [ 137.025468266346934, 36.679635570780476 ], [ 137.02545753781456, 36.679634719924188 ], [ 137.025119636030212, 36.679707533907674 ], [ 137.024899151080319, 36.679755045320462 ], [ 137.024973357385903, 36.679930943707404 ], [ 137.024579703779324, 36.680074516709098 ], [ 137.024624760623169, 36.680141909643389 ], [ 137.025026452763996, 36.680056826243742 ], [ 137.025214050298899, 36.680017037748677 ], [ 137.025576689370013, 36.67994012252062 ], [ 137.025481902311725, 36.679643454602036 ], [ 137.025476370769866, 36.679639662918092 ], [ 137.025468266346934, 36.679635570780476 ] ] ] ] } },
{ "type": "Feature", "properties": { "OBJECTID": 331, "東西列No": "西F26", "品目": 0, "名前": "松本哲男", "面積": 0 }, "geometry": { "type": "MultiPolygon", "coordinates": [ [ [ [ 137.012661587582329, 36.676885871988908 ], [ 137.012561005173069, 36.676542890484079 ], [ 137.012577098675536, 36.676529356949153 ], [ 137.012146214065325, 36.676533854489747 ], [ 137.011763097593501, 36.676541440716825 ], [ 137.011454441537467, 36.676548122427015 ], [ 137.011451080144326, 36.676556120885749 ], [ 137.011483798445767, 36.676660236491273 ], [ 137.011544810235989, 36.676860134627645 ], [ 137.011551607617861, 36.676885008159545 ], [ 137.011552873557662, 36.67690090734078 ], [ 137.012661587582329, 36.676885871988908 ] ] ] ] } },
{ "type": "Feature", "properties": { "OBJECTID": 332, "東西列No": "西J38", "品目": 0, "名前": "松本哲男", "面積": 0 }, "geometry": { "type": "MultiPolygon", "coordinates": [ [ [ [ 137.009142373703611, 36.68052632219819 ], [ 137.009133298029752, 36.680257602409554 ], [ 137.008087523239652, 36.680276883861474 ], [ 137.008077349202438, 36.680545578090694 ], [ 137.009142373703611, 36.68052632219819 ] ] ] ] } },
{ "type": "Feature", "properties": { "OBJECTID": 333, "東西列No": "東G46", "品目": 0, "名前": "松本哲男", "面積": 0 }, "geometry": { "type": "MultiPolygon", "coordinates": [ [ [ [ 137.021940266481096, 36.681310804326266 ], [ 137.021838438795129, 36.680998281580614 ], [ 137.021607472578239, 36.68099356645191 ], [ 137.021736316511607, 36.681356158018005 ], [ 137.021940266481096, 36.681310804326266 ] ] ] ] } },
{ "type": "Feature", "properties": { "OBJECTID": 334, "東西列No": "東G31x", "品目": 0, "名前": "岡田義巳", "面積": 0 }, "geometry": { "type": "MultiPolygon", "coordinates": [ [ [ [ 137.019435065108524, 36.677049205525492 ], [ 137.019450423136647, 36.677086390854704 ], [ 137.019554639225845, 36.677394277497299 ], [ 137.019672924097421, 36.677370161798081 ], [ 137.019551753054714, 36.677025594456452 ], [ 137.019435065108524, 36.677049205525492 ] ] ] ] } },
{ "type": "Feature", "properties": { "OBJECTID": 335, "東西列No": "東G31", "品目": 1, "名前": "上野毅", "面積": 2640 }, "geometry": { "type": "MultiPolygon", "coordinates": [ [ [ [ 137.019551753054714, 36.677025594456452 ], [ 137.019672924097421, 36.677370161798081 ], [ 137.020446203528877, 36.677212499835967 ], [ 137.020376319324441, 36.676967774036704 ], [ 137.020245040854917, 36.676902238144777 ], [ 137.019551753054714, 36.677025594456452 ] ] ] ] } },
{ "type": "Feature", "properties": { "OBJECTID": 336, "東西列No": "西A4", "品目": 0, "名前": "押川竹弘", "面積": 0 }, "geometry": { "type": "MultiPolygon", "coordinates": [ [ [ [ 137.017182741373432, 36.672423384359796 ], [ 137.017186319029918, 36.672428691637073 ], [ 137.017198098963291, 36.672550578590595 ], [ 137.017200483086953, 36.672561567471405 ], [ 137.017208479800502, 36.6725686791318 ], [ 137.017221310926885, 36.672569344113221 ], [ 137.017242954345363, 36.672566135886072 ], [ 137.017384871606993, 36.672545307293596 ], [ 137.01735491027074, 36.672358485290545 ], [ 137.017247321768224, 36.672366663220131 ], [ 137.017182741373432, 36.672423384359796 ] ] ] ] } },
{ "type": "Feature", "properties": { "OBJECTID": 337, "東西列No": "東G35", "品目": 1, "名前": "上野毅", "面積": 3180 }, "geometry": { "type": "MultiPolygon", "coordinates": [ [ [ [ 137.019886664374667, 36.678445194985976 ], [ 137.019898130421296, 36.678528878430306 ], [ 137.019896647166945, 36.678585229920174 ], [ 137.019893634114283, 36.678675312206792 ], [ 137.019889764014152, 36.678719448314688 ], [ 137.020157183613009, 36.678665917078007 ], [ 137.020168379180859, 36.678695333169635 ], [ 137.020193490061928, 36.678752528473318 ], [ 137.020881178303028, 36.678611745534752 ], [ 137.020773380476385, 36.678265373603615 ], [ 137.019886664374667, 36.678445194985976 ] ] ] ] } },
{ "type": "Feature", "properties": { "OBJECTID": 338, "東西列No": "東C1", "品目": 7, "名前": "柴田満彦", "面積": 700 }, "geometry": { "type": "MultiPolygon", "coordinates": [ [ [ [ 137.022764344373769, 36.672353377216645 ], [ 137.022828986233321, 36.672563145207675 ], [ 137.022801871190268, 36.672568703633452 ], [ 137.022856109982882, 36.672557715660908 ], [ 137.023154505893558, 36.672497262092868 ], [ 137.023095094431881, 36.672289393146073 ], [ 137.02279183987801, 36.67234833926355 ], [ 137.022764344373769, 36.672353377216645 ] ] ] ] } },
{ "type": "Feature", "properties": { "OBJECTID": 340, "東西列No": "西A42", "品目": 83, "名前": "松本哲男", "面積": 3640 }, "geometry": { "type": "MultiPolygon", "coordinates": [ [ [ [ 137.018325736360623, 36.680350008773708 ], [ 137.018252847531102, 36.6803638057578 ], [ 137.017552141949267, 36.680496410126331 ], [ 137.017669042496095, 36.68091496592929 ], [ 137.01767238596608, 36.680925308909814 ], [ 137.018882921606178, 36.68052025712052 ], [ 137.018889724218866, 36.680432657946994 ], [ 137.018584701304007, 36.680485775467019 ], [ 137.018462028623702, 36.680507549545275 ], [ 137.018397483515287, 36.680522970185407 ], [ 137.018378417578134, 36.680522946445045 ], [ 137.018362094369166, 36.680516347210087 ], [ 137.018347169247107, 36.680486714526182 ], [ 137.01833966102177, 36.68044148645113 ], [ 137.018325736360623, 36.680350008773708 ] ] ] ] } },
{ "type": "Feature", "properties": { "OBJECTID": 341, "東西列No": "東A37", "品目": 2, "名前": "岡田義巳", "面積": 2360 }, "geometry": { "type": "MultiPolygon", "coordinates": [ [ [ [ 137.02624223697714, 36.678087273459269 ], [ 137.026296875786414, 36.678255193823695 ], [ 137.02629688231454, 36.678255295669331 ], [ 137.027099364441398, 36.678092378035792 ], [ 137.02711074737536, 36.678083901877358 ], [ 137.027119539162726, 36.678072872227013 ], [ 137.027119626553144, 36.678055460746307 ], [ 137.027029990477899, 36.677766811850361 ], [ 137.026442251722699, 36.677886010625237 ], [ 137.026508078538967, 36.677982257376101 ], [ 137.026286735927101, 36.678073930179792 ], [ 137.02624223697714, 36.678087273459269 ] ] ] ] } },
{ "type": "Feature", "properties": { "OBJECTID": 342, "東西列No": "東C27", "品目": 4, "名前": "山本正誓", "面積": 2050 }, "geometry": { "type": "MultiPolygon", "coordinates": [ [ [ [ 137.024137797183755, 36.675683989613297 ], [ 137.024117709707269, 36.67565007064902 ], [ 137.023610183732075, 36.675749182162363 ], [ 137.023600887883589, 36.675750734613686 ], [ 137.023680793709445, 36.676014159231265 ], [ 137.023591076862289, 36.676030510475037 ], [ 137.023601823738147, 36.676076765932883 ], [ 137.023614228373674, 36.676114756481333 ], [ 137.023705848140594, 36.676096756468091 ], [ 137.024253193225462, 36.67598731642309 ], [ 137.024170167281824, 36.675712984580528 ], [ 137.024137797183755, 36.675683989613297 ] ] ] ] } },
{ "type": "Feature", "properties": { "OBJECTID": 345, "東西列No": "常境1", "品目": 85, "名前": "今村弘", "面積": 2770 }, "geometry": { "type": "MultiPolygon", "coordinates": [ [ [ [ 137.028105963262817, 36.679874058853919 ], [ 137.027992402876578, 36.679783119698364 ], [ 137.027926211359386, 36.679827641293436 ], [ 137.027884752423432, 36.679855527211274 ], [ 137.027755683353888, 36.679946356722894 ], [ 137.02767807080923, 36.680000973844301 ], [ 137.027535741586206, 36.680099717475407 ], [ 137.027432395092006, 36.680178701301877 ], [ 137.027331284778484, 36.680255975335278 ], [ 137.027254299483161, 36.680314843066 ], [ 137.027154607038995, 36.68039488985962 ], [ 137.027283994359294, 36.680550808288963 ], [ 137.027458083834517, 36.680476066448357 ], [ 137.027513041703713, 36.680452473648828 ], [ 137.027643490633722, 36.680396945918346 ], [ 137.027757987413594, 36.680348209058117 ], [ 137.027769123756002, 36.680340120077283 ], [ 137.027789178146691, 36.680325543697656 ], [ 137.027807347679413, 36.680307585540497 ], [ 137.02782782621486, 36.680287349985186 ], [ 137.027883301348595, 36.680217963907914 ], [ 137.027944871239043, 36.680140955172419 ], [ 137.02798244626274, 36.680093957037947 ], [ 137.028038250057051, 36.680009613714233 ], [ 137.028066430923076, 36.679966277088802 ], [ 137.028119636426197, 36.679884458624009 ], [ 137.028105963262817, 36.679874058853919 ] ] ] ] } },
{ "type": "Feature", "properties": { "OBJECTID": 346, "東西列No": null, "品目": 0, "名前": "伊藤博康", "面積": 0 }, "geometry": { "type": "MultiPolygon", "coordinates": [ [ [ [ 137.014138971691409, 36.681704832055473 ], [ 137.014176763508146, 36.681837768941683 ], [ 137.015275490583917, 36.681641435980858 ], [ 137.015234677165722, 36.681499869116827 ], [ 137.014138971691409, 36.681704832055473 ] ] ] ] } },
{ "type": "Feature", "properties": { "OBJECTID": 347, "東西列No": "西E44", "品目": 0, "名前": "伊藤博康", "面積": 0 }, "geometry": { "type": "MultiPolygon", "coordinates": [ [ [ [ 137.014176763508146, 36.681837768941683 ], [ 137.014215211056808, 36.681973015578016 ], [ 137.015312750013408, 36.681770676831292 ], [ 137.015275490583917, 36.681641435980858 ], [ 137.014176763508146, 36.681837768941683 ] ] ] ] } },
{ "type": "Feature", "properties": { "OBJECTID": 348, "東西列No": "常境7", "品目": 0, "名前": "伊藤博康", "面積": 0 }, "geometry": { "type": "MultiPolygon", "coordinates": [ [ [ [ 137.024979689709141, 36.682694903293587 ], [ 137.024684097948381, 36.682807068525712 ], [ 137.024687883772202, 36.682823240924776 ], [ 137.02480531231032, 36.683324540235347 ], [ 137.025158426117201, 36.683336829447157 ], [ 137.025183258724411, 36.68330442405238 ], [ 137.025077957411071, 36.682998226602791 ], [ 137.024979689709141, 36.682694903293587 ] ] ] ] } },
{ "type": "Feature", "properties": { "OBJECTID": 349, "東西列No": "西C41", "品目": 83, "名前": "松本哲男", "面積": 2130 }, "geometry": { "type": "MultiPolygon", "coordinates": [ [ [ [ 137.01748609192353, 36.68052043504057 ], [ 137.0173804740202, 36.680169989377347 ], [ 137.017377979309657, 36.680163984123162 ], [ 137.017362877260666, 36.680156656293512 ], [ 137.016797652494603, 36.680286695315836 ], [ 137.016897385958828, 36.680629590873259 ], [ 137.01748609192353, 36.68052043504057 ] ] ] ] } },
{ "type": "Feature", "properties": { "OBJECTID": 350, "東西列No": "西E33", "品目": 1, "名前": "川岸弘明", "面積": 2950 }, "geometry": { "type": "MultiPolygon", "coordinates": [ [ [ [ 137.014439306058051, 36.678810938750345 ], [ 137.01436528516021, 36.678548021195667 ], [ 137.013290708729073, 36.678753616322595 ], [ 137.01336453843976, 36.679015281590083 ], [ 137.014439306058051, 36.678810938750345 ] ] ] ] } },
{ "type": "Feature", "properties": { "OBJECTID": 351, "東西列No": "西E32", "品目": 1, "名前": "川岸弘明", "面積": 2940 }, "geometry": { "type": "MultiPolygon", "coordinates": [ [ [ [ 137.01436528516021, 36.678548021195667 ], [ 137.014292560855097, 36.678291684152413 ], [ 137.013215715323184, 36.678486605261661 ], [ 137.013290708729073, 36.678753616322595 ], [ 137.01436528516021, 36.678548021195667 ] ] ] ] } },
{ "type": "Feature", "properties": { "OBJECTID": 352, "東西列No": "東G26", "品目": 1, "名前": "松本哲男", "面積": 5730 }, "geometry": { "type": "MultiPolygon", "coordinates": [ [ [ [ 137.020106183435331, 36.676092963903152 ], [ 137.02008488819223, 36.676025414620135 ], [ 137.019258584688458, 36.676189691209679 ], [ 137.018789789651521, 36.676285333359175 ], [ 137.018803573341899, 36.676361521658464 ], [ 137.018867652780642, 36.67671051784717 ], [ 137.019506700662419, 36.6765855204589 ], [ 137.019514550001503, 36.676583985465818 ], [ 137.020196014977813, 36.676446803607824 ], [ 137.020212927468862, 36.67644081867234 ], [ 137.020106183435331, 36.676092963903152 ] ] ] ] } },
{ "type": "Feature", "properties": { "OBJECTID": 354, "東西列No": "東E2", "品目": 4, "名前": "山本信治", "面積": 2070 }, "geometry": { "type": "MultiPolygon", "coordinates": [ [ [ [ 137.020887600199643, 36.672889234757584 ], [ 137.020861550914333, 36.672861688579687 ], [ 137.020763169239785, 36.672871283256526 ], [ 137.020487215810647, 36.672891736035282 ], [ 137.020505972643036, 36.67320976221739 ], [ 137.020507265870918, 36.673231697728966 ], [ 137.020507792704535, 36.673240632182427 ], [ 137.020507920613568, 36.673242804282779 ], [ 137.020508050715819, 36.67324499981757 ], [ 137.020508288119572, 36.673249024062095 ], [ 137.020516874736671, 36.673394599864586 ], [ 137.020990674319791, 36.673298506361384 ], [ 137.020955726494975, 36.673159742214182 ], [ 137.02095490252222, 36.673156470673817 ], [ 137.020954318414596, 36.673154150215431 ], [ 137.020953689881821, 36.673151656668203 ], [ 137.020951522234554, 36.673143050055934 ], [ 137.020946200845117, 36.673121918916728 ], [ 137.020887600199643, 36.672889234757584 ] ] ] ] } }
]
}
