{
  "type": "FeatureCollection",
  "name": "品目5_4326",
  "crs": {
    "type": "name",
    "properties": {
      "name": "urn:ogc:def:crs:OGC:1.3:CRS84"
    }
  },
  "features": [
    {
      "type": "Feature",
      "properties": {
        "OBJECTID": 1,
        "東西列No": "西B8",
        "品目": 4,
        "名前": "川岸弘明",
        "面積": 2350,
        "田植え": "2026/05/10",
        "稲刈り": null
      },
      "geometry": {
        "type": "MultiPolygon",
        "coordinates": [
          [
            [
              [
                137.016168246737,
                36.67426444982211
              ],
              [
                137.01670357754097,
                36.67416964976692
              ],
              [
                137.01669475085222,
                36.67406553859828
              ],
              [
                137.01669892658543,
                36.6740411387881
              ],
              [
                137.016777482377,
                36.67391181331462
              ],
              [
                137.01678781025225,
                36.673888043086265
              ],
              [
                137.01678833781625,
                36.67388138372574
              ],
              [
                137.0157089112725,
                36.674080605146315
              ],
              [
                137.0157743151789,
                36.674316171702834
              ],
              [
                137.01614887953795,
                36.67421885059405
              ],
              [
                137.016168246737,
                36.67426444982211
              ]
            ]
          ]
        ]
      }
    },
    {
      "type": "Feature",
      "properties": {
        "OBJECTID": 2,
        "東西列No": "西B7",
        "品目": 4,
        "名前": "川岸弘明",
        "面積": 2910,
        "田植え": "2026/05/10",
        "稲刈り": null
      },
      "geometry": {
        "type": "MultiPolygon",
        "coordinates": [
          [
            [
              [
                137.0157089112725,
                36.674080605146315
              ],
              [
                137.01678833781625,
                36.67388138372574
              ],
              [
                137.01678953817662,
                36.67386240551847
              ],
              [
                137.01671937385015,
                36.673616761456756
              ],
              [
                137.01563355267714,
                36.67382100296925
              ],
              [
                137.0157089112725,
                36.674080605146315
              ]
            ]
          ]
        ]
      }
    },
    {
      "type": "Feature",
      "properties": {
        "OBJECTID": 3,
        "東西列No": "西B6",
        "品目": 4,
        "名前": "川岸弘明",
        "面積": 2900,
        "田植え": "2026/05/10",
        "稲刈り": null
      },
      "geometry": {
        "type": "MultiPolygon",
        "coordinates": [
          [
            [
              [
                137.01563355267714,
                36.67382100296925
              ],
              [
                137.01671937385015,
                36.673616761456756
              ],
              [
                137.0166439178774,
                36.67335393340108
              ],
              [
                137.015559071334,
                36.67355358825891
              ],
              [
                137.01563355267714,
                36.67382100296925
              ]
            ]
          ]
        ]
      }
    },
    {
      "type": "Feature",
      "properties": {
        "OBJECTID": 4,
        "東西列No": "西A12",
        "品目": 83,
        "名前": "川岸弘明",
        "面積": 2500,
        "田植え": null,
        "稲刈り": null
      },
      "geometry": {
        "type": "MultiPolygon",
        "coordinates": [
          [
            [
              [
                137.01722163536454,
                36.674351167062646
              ],
              [
                137.01820644211332,
                36.67417071263047
              ],
              [
                137.01815065033648,
                36.673977069773606
              ],
              [
                137.01813441097894,
                36.67393921625571
              ],
              [
                137.01812255536828,
                36.67392566512646
              ],
              [
                137.0181120751507,
                36.67391831611343
              ],
              [
                137.01809315978727,
                36.673916472050045
              ],
              [
                137.01714838948763,
                36.67409552486254
              ],
              [
                137.01722163536454,
                36.674351167062646
              ]
            ]
          ]
        ]
      }
    },
    {
      "type": "Feature",
      "properties": {
        "OBJECTID": 5,
        "東西列No": "西C9",
        "品目": 14,
        "名前": "川岸弘明",
        "面積": 2830,
        "田植え": null,
        "稲刈り": "2026/08/24"
      },
      "geometry": {
        "type": "MultiPolygon",
        "coordinates": [
          [
            [
              [
                137.01469811156198,
                36.67482348484978
              ],
              [
                137.0157772828354,
                36.674618396344634
              ],
              [
                137.01570437982465,
                36.674361374838654
              ],
              [
                137.01461990248245,
                36.674552613165964
              ],
              [
                137.01469811156198,
                36.67482348484978
              ]
            ]
          ]
        ]
      }
    },
    {
      "type": "Feature",
      "properties": {
        "OBJECTID": 6,
        "東西列No": "西C8",
        "品目": 14,
        "名前": "川岸弘明",
        "面積": 2860,
        "田植え": null,
        "稲刈り": "2026/08/24"
      },
      "geometry": {
        "type": "MultiPolygon",
        "coordinates": [
          [
            [
              [
                137.01462152485678,
                36.674558247868816
              ],
              [
                137.01570437982465,
                36.674361374838654
              ],
              [
                137.0156287255012,
                36.674092669962285
              ],
              [
                137.0145456020964,
                36.67429700408482
              ],
              [
                137.01462152485678,
                36.674558247868816
              ]
            ]
          ]
        ]
      }
    },
    {
      "type": "Feature",
      "properties": {
        "OBJECTID": 7,
        "東西列No": "西C7",
        "品目": 14,
        "名前": "川岸弘明",
        "面積": 2850,
        "田植え": null,
        "稲刈り": "2026/08/24"
      },
      "geometry": {
        "type": "MultiPolygon",
        "coordinates": [
          [
            [
              [
                137.0145456020964,
                36.67429700408482
              ],
              [
                137.0156287255012,
                36.674092669962285
              ],
              [
                137.01555699435383,
                36.67383190075054
              ],
              [
                137.01446991660467,
                36.67403484129916
              ],
              [
                137.0145456020964,
                36.67429700408482
              ]
            ]
          ]
        ]
      }
    },
    {
      "type": "Feature",
      "properties": {
        "OBJECTID": 8,
        "東西列No": "西A9",
        "品目": 83,
        "名前": "川岸弘明",
        "面積": 2430,
        "田植え": null,
        "稲刈り": null
      },
      "geometry": {
        "type": "MultiPolygon",
        "coordinates": [
          [
            [
              [
                137.01686044911247,
                36.67386743343137
              ],
              [
                137.0180359840617,
                36.67365152278235
              ],
              [
                137.01797777019232,
                36.67347859588205
              ],
              [
                137.01730086715955,
                36.67360556903495
              ],
              [
                137.01729305163002,
                36.673510453356165
              ],
              [
                137.0167914533767,
                36.673607533562475
              ],
              [
                137.01684170368543,
                36.67377796364739
              ],
              [
                137.01686059814864,
                36.67385980928768
              ],
              [
                137.01686044911247,
                36.67386743343137
              ]
            ]
          ]
        ]
      }
    },
    {
      "type": "Feature",
      "properties": {
        "OBJECTID": 9,
        "東西列No": "西A10",
        "品目": 85,
        "名前": "川岸弘明",
        "面積": 490,
        "田植え": null,
        "稲刈り": null
      },
      "geometry": {
        "type": "MultiPolygon",
        "coordinates": [
          [
            [
              [
                137.01789201126246,
                36.6739220067749
              ],
              [
                137.01808553436797,
                36.67388488374627
              ],
              [
                137.01809742683758,
                36.673879256938406
              ],
              [
                137.01810165518896,
                36.67386798793622
              ],
              [
                137.01809872903385,
                36.67384787804104
              ],
              [
                137.0180359840617,
                36.67365152278235
              ],
              [
                137.01781424035872,
                36.673691296102085
              ],
              [
                137.01789201126246,
                36.6739220067749
              ]
            ]
          ]
        ]
      }
    },
    {
      "type": "Feature",
      "properties": {
        "OBJECTID": 10,
        "東西列No": "西A5",
        "品目": 83,
        "名前": "押川宗成",
        "面積": 930,
        "田植え": null,
        "稲刈り": null
      },
      "geometry": {
        "type": "MultiPolygon",
        "coordinates": [
          [
            [
              [
                137.01722749461655,
                36.672819756227135
              ],
              [
                137.017715785934,
                36.672774369604625
              ],
              [
                137.0177388088834,
                36.67277230486036
              ],
              [
                137.01767156060788,
                36.672571178987
              ],
              [
                137.01766164898928,
                36.67255917132969
              ],
              [
                137.01764954251536,
                36.67255402823217
              ],
              [
                137.01762653586496,
                36.67255057480118
              ],
              [
                137.01755910781662,
                36.672561737641274
              ],
              [
                137.01724095659736,
                36.672609905701684
              ],
              [
                137.01721427242398,
                36.67261633397527
              ],
              [
                137.01720689939268,
                36.67262225475905
              ],
              [
                137.01720588213615,
                36.672633392578504
              ],
              [
                137.0172082910378,
                36.67266049532808
              ],
              [
                137.01722749461655,
                36.672819756227135
              ]
            ]
          ]
        ]
      }
    },
    {
      "type": "Feature",
      "properties": {
        "OBJECTID": 11,
        "東西列No": "西A2",
        "品目": 83,
        "名前": "押川竹弘",
        "面積": 3090,
        "田植え": null,
        "稲刈り": null
      },
      "geometry": {
        "type": "MultiPolygon",
        "coordinates": [
          [
            [
              [
                137.01756641209093,
                36.672023167851435
              ],
              [
                137.01758985676153,
                36.67201869830339
              ],
              [
                137.01759337076524,
                36.6717409210058
              ],
              [
                137.01637778283234,
                36.67197164699988
              ],
              [
                137.01639192046656,
                36.67207708071289
              ],
              [
                137.01640264872967,
                36.67223858411759
              ],
              [
                137.0170287688052,
                36.67211867188284
              ],
              [
                137.01722403362407,
                36.67208127304849
              ],
              [
                137.01756641209093,
                36.672023167851435
              ]
            ]
          ]
        ]
      }
    },
    {
      "type": "Feature",
      "properties": {
        "OBJECTID": 12,
        "東西列No": "西B1",
        "品目": 4,
        "名前": "押川竹弘",
        "面積": 2880,
        "田植え": "2026/05/10",
        "稲刈り": null
      },
      "geometry": {
        "type": "MultiPolygon",
        "coordinates": [
          [
            [
              [
                137.0162985143769,
                36.67199642966579
              ],
              [
                137.01521865186137,
                36.67219114908631
              ],
              [
                137.01520885936966,
                36.67223274602539
              ],
              [
                137.0152045614373,
                36.67225651477997
              ],
              [
                137.0152034176378,
                36.67228640683907
              ],
              [
                137.0152077016013,
                36.672326850091274
              ],
              [
                137.01523029837506,
                36.672413774592826
              ],
              [
                137.01524248943943,
                36.672455588741464
              ],
              [
                137.01631852033844,
                36.672254014997314
              ],
              [
                137.0163097267099,
                36.672121785700405
              ],
              [
                137.0162985143769,
                36.67199642966579
              ]
            ]
          ]
        ]
      }
    },
    {
      "type": "Feature",
      "properties": {
        "OBJECTID": 13,
        "東西列No": "西B2",
        "品目": 4,
        "名前": "山本信治",
        "面積": 2900,
        "田植え": "2026/05/10",
        "稲刈り": null
      },
      "geometry": {
        "type": "MultiPolygon",
        "coordinates": [
          [
            [
              [
                137.01631852033844,
                36.672254014997314
              ],
              [
                137.01524248943943,
                36.672455588741464
              ],
              [
                137.01532071320082,
                36.67272472077351
              ],
              [
                137.01640304001958,
                36.672526416700684
              ],
              [
                137.01631852033844,
                36.672254014997314
              ]
            ]
          ]
        ]
      }
    },
    {
      "type": "Feature",
      "properties": {
        "OBJECTID": 14,
        "東西列No": "西B3",
        "品目": 4,
        "名前": "山本信治",
        "面積": 2750,
        "田植え": "2026/05/10",
        "稲刈り": null
      },
      "geometry": {
        "type": "MultiPolygon",
        "coordinates": [
          [
            [
              [
                137.01538900000563,
                36.672960927518844
              ],
              [
                137.0153962629449,
                36.67297761474569
              ],
              [
                137.01631652935583,
                36.672805830330134
              ],
              [
                137.01646686364822,
                36.6727408166634
              ],
              [
                137.01644869285923,
                36.672735963198576
              ],
              [
                137.01642969151433,
                36.672628892157576
              ],
              [
                137.01640304001958,
                36.672526416700684
              ],
              [
                137.01532071320082,
                36.67272472077351
              ],
              [
                137.01538900000563,
                36.672960927518844
              ]
            ]
          ]
        ]
      }
    },
    {
      "type": "Feature",
      "properties": {
        "OBJECTID": 15,
        "東西列No": "東G2",
        "品目": 2,
        "名前": "押川竹弘",
        "面積": 3070,
        "田植え": null,
        "稲刈り": null
      },
      "geometry": {
        "type": "MultiPolygon",
        "coordinates": [
          [
            [
              [
                137.0191614265948,
                36.67256683321317
              ],
              [
                137.01914052035676,
                36.6722015062238
              ],
              [
                137.01894393159796,
                36.67223535574561
              ],
              [
                137.01824240072207,
                36.672376497975726
              ],
              [
                137.01834865610914,
                36.67272944050419
              ],
              [
                137.0191614265948,
                36.67256683321317
              ]
            ]
          ]
        ]
      }
    },
    {
      "type": "Feature",
      "properties": {
        "OBJECTID": 16,
        "東西列No": "東G3",
        "品目": 2,
        "名前": "押川宗成",
        "面積": 2820,
        "田植え": null,
        "稲刈り": null
      },
      "geometry": {
        "type": "MultiPolygon",
        "coordinates": [
          [
            [
              [
                137.01918078657536,
                36.67293348305708
              ],
              [
                137.0191614265948,
                36.67256683321317
              ],
              [
                137.01834865610914,
                36.67272944050419
              ],
              [
                137.01845690637572,
                36.67308692755594
              ],
              [
                137.01918078657536,
                36.67293348305708
              ]
            ]
          ]
        ]
      }
    },
    {
      "type": "Feature",
      "properties": {
        "OBJECTID": 17,
        "東西列No": "東F1",
        "品目": 2,
        "名前": "山本亮二",
        "面積": 4820,
        "田植え": null,
        "稲刈り": null
      },
      "geometry": {
        "type": "MultiPolygon",
        "coordinates": [
          [
            [
              [
                137.01926325847685,
                36.6725618890244
              ],
              [
                137.01926759419047,
                36.67291534980937
              ],
              [
                137.0203869611438,
                36.67267913197074
              ],
              [
                137.0203741591888,
                36.67244436609129
              ],
              [
                137.0192441418762,
                36.67220707791698
              ],
              [
                137.01926325847685,
                36.6725618890244
              ]
            ]
          ]
        ]
      }
    },
    {
      "type": "Feature",
      "properties": {
        "OBJECTID": 18,
        "東西列No": "東F21",
        "品目": 23,
        "名前": "山本亮二",
        "面積": 2520,
        "田植え": null,
        "稲刈り": null
      },
      "geometry": {
        "type": "MultiPolygon",
        "coordinates": [
          [
            [
              [
                137.0197552273242,
                36.67468119237789
              ],
              [
                137.0206747454765,
                36.674491246259606
              ],
              [
                137.0205939382867,
                36.67423445235261
              ],
              [
                137.01973954230547,
                36.67440426383002
              ],
              [
                137.01968200352013,
                36.67444466666874
              ],
              [
                137.0197552273242,
                36.67468119237789
              ]
            ]
          ]
        ]
      }
    },
    {
      "type": "Feature",
      "properties": {
        "OBJECTID": 19,
        "東西列No": "西D4",
        "品目": 2,
        "名前": "山本信治",
        "面積": 2910,
        "田植え": null,
        "稲刈り": null
      },
      "geometry": {
        "type": "MultiPolygon",
        "coordinates": [
          [
            [
              [
                137.01316329617825,
                36.67372221595974
              ],
              [
                137.0142367858281,
                36.67352178434249
              ],
              [
                137.01416278241646,
                36.67326989740435
              ],
              [
                137.0141740853158,
                36.67325131067151
              ],
              [
                137.01308875918556,
                36.673453375707744
              ],
              [
                137.01309409749928,
                36.673469424329014
              ],
              [
                137.01316329617825,
                36.67372221595974
              ]
            ]
          ]
        ]
      }
    },
    {
      "type": "Feature",
      "properties": {
        "OBJECTID": 20,
        "東西列No": "西D3",
        "品目": 2,
        "名前": "山本信治",
        "面積": 2930,
        "田植え": null,
        "稲刈り": null
      },
      "geometry": {
        "type": "MultiPolygon",
        "coordinates": [
          [
            [
              [
                137.0130702525374,
                36.6734092550874
              ],
              [
                137.0130796597898,
                36.673421415681624
              ],
              [
                137.014165151943,
                36.67322004487974
              ],
              [
                137.01414897010272,
                36.67319946730066
              ],
              [
                137.01407446457193,
                36.67295286982046
              ],
              [
                137.01299656686584,
                36.67315145582234
              ],
              [
                137.0130702525374,
                36.6734092550874
              ]
            ]
          ]
        ]
      }
    },
    {
      "type": "Feature",
      "properties": {
        "OBJECTID": 21,
        "東西列No": "西D2",
        "品目": 2,
        "名前": "山本信治",
        "面積": 2860,
        "田植え": null,
        "稲刈り": null
      },
      "geometry": {
        "type": "MultiPolygon",
        "coordinates": [
          [
            [
              [
                137.01299656686584,
                36.67315145582234
              ],
              [
                137.01407446457193,
                36.67295286982046
              ],
              [
                137.0140023424864,
                36.672683636659734
              ],
              [
                137.01291998658414,
                36.67288112578843
              ],
              [
                137.01299656686584,
                36.67315145582234
              ]
            ]
          ]
        ]
      }
    },
    {
      "type": "Feature",
      "properties": {
        "OBJECTID": 27,
        "東西列No": "西D8",
        "品目": 2,
        "名前": "川岸弘明",
        "面積": 2910,
        "田植え": null,
        "稲刈り": null
      },
      "geometry": {
        "type": "MultiPolygon",
        "coordinates": [
          [
            [
              [
                137.01453918880554,
                36.6745710752421
              ],
              [
                137.01446304398854,
                36.67430910113356
              ],
              [
                137.01338959855516,
                36.6745102197379
              ],
              [
                137.0134637751634,
                36.67477000202133
              ],
              [
                137.01453918880554,
                36.6745710752421
              ]
            ]
          ]
        ]
      }
    },
    {
      "type": "Feature",
      "properties": {
        "OBJECTID": 28,
        "東西列No": "西D9",
        "品目": 2,
        "名前": "川岸弘明",
        "面積": 4000,
        "田植え": null,
        "稲刈り": null
      },
      "geometry": {
        "type": "MultiPolygon",
        "coordinates": [
          [
            [
              [
                137.01453918880554,
                36.6745710752421
              ],
              [
                137.0134637751634,
                36.67477000202133
              ],
              [
                137.01352869288888,
                36.67498803679926
              ],
              [
                137.01357955105107,
                36.67499529393043
              ],
              [
                137.0140846322302,
                36.6750220685255
              ],
              [
                137.01467204041208,
                36.675046738089996
              ],
              [
                137.01453918880554,
                36.6745710752421
              ]
            ]
          ]
        ]
      }
    },
    {
      "type": "Feature",
      "properties": {
        "OBJECTID": 29,
        "東西列No": "西D21",
        "品目": 2,
        "名前": "川岸弘明",
        "面積": 3170,
        "田植え": null,
        "稲刈り": null
      },
      "geometry": {
        "type": "MultiPolygon",
        "coordinates": [
          [
            [
              [
                137.01368864997596,
                36.67555879633662
              ],
              [
                137.0147638181032,
                36.67535915528618
              ],
              [
                137.01470101656136,
                36.67513267945125
              ],
              [
                137.01453904121183,
                36.675129093071945
              ],
              [
                137.01393540689625,
                36.67510013025508
              ],
              [
                137.01393052163482,
                36.675109442614335
              ],
              [
                137.01395292885204,
                36.67525799256138
              ],
              [
                137.0136222540325,
                36.675324042118206
              ],
              [
                137.01368864997596,
                36.67555879633662
              ]
            ]
          ]
        ]
      }
    },
    {
      "type": "Feature",
      "properties": {
        "OBJECTID": 30,
        "東西列No": "西D25",
        "品目": 9,
        "名前": "川岸豊",
        "面積": 2910,
        "田植え": null,
        "稲刈り": null
      },
      "geometry": {
        "type": "MultiPolygon",
        "coordinates": [
          [
            [
              [
                137.01398746100605,
                36.676608543286655
              ],
              [
                137.01506361015282,
                36.67640636840654
              ],
              [
                137.01498988750717,
                36.67614547926048
              ],
              [
                137.01391390759966,
                36.67634868109556
              ],
              [
                137.01398746100605,
                36.676608543286655
              ]
            ]
          ]
        ]
      }
    },
    {
      "type": "Feature",
      "properties": {
        "OBJECTID": 31,
        "東西列No": "西C24",
        "品目": 14,
        "名前": "星野修",
        "面積": 2880,
        "田植え": null,
        "稲刈り": "2026/08/25"
      },
      "geometry": {
        "type": "MultiPolygon",
        "coordinates": [
          [
            [
              [
                137.01506310864974,
                36.67613164863451
              ],
              [
                137.01614901022418,
                36.67592655637924
              ],
              [
                137.0160762077171,
                36.67566837270696
              ],
              [
                137.01505085704088,
                36.67585815757568
              ],
              [
                137.01498688158156,
                36.67586999926105
              ],
              [
                137.01506310864974,
                36.67613164863451
              ]
            ]
          ]
        ]
      }
    },
    {
      "type": "Feature",
      "properties": {
        "OBJECTID": 32,
        "東西列No": "西C23",
        "品目": 14,
        "名前": "星野修",
        "面積": 2870,
        "田植え": null,
        "稲刈り": "2026/08/25"
      },
      "geometry": {
        "type": "MultiPolygon",
        "coordinates": [
          [
            [
              [
                137.01498688158156,
                36.67586999926105
              ],
              [
                137.01505085704088,
                36.67585815757568
              ],
              [
                137.0160762077171,
                36.67566837270696
              ],
              [
                137.01600043365292,
                36.6753966488816
              ],
              [
                137.01491087183098,
                36.67560050047079
              ],
              [
                137.01498688158156,
                36.67586999926105
              ]
            ]
          ]
        ]
      }
    },
    {
      "type": "Feature",
      "properties": {
        "OBJECTID": 33,
        "東西列No": "西C22",
        "品目": 14,
        "名前": "星野修",
        "面積": 2880,
        "田植え": null,
        "稲刈り": "2026/08/25"
      },
      "geometry": {
        "type": "MultiPolygon",
        "coordinates": [
          [
            [
              [
                137.01491087183098,
                36.67560050047079
              ],
              [
                137.01600043365292,
                36.6753966488816
              ],
              [
                137.01592734339536,
                36.675143097008096
              ],
              [
                137.01483749454604,
                36.675346704245136
              ],
              [
                137.01491087183098,
                36.67560050047079
              ]
            ]
          ]
        ]
      }
    },
    {
      "type": "Feature",
      "properties": {
        "OBJECTID": 34,
        "東西列No": "西C10",
        "品目": 14,
        "名前": "星野修",
        "面積": 1640,
        "田植え": null,
        "稲刈り": "2026/08/25"
      },
      "geometry": {
        "type": "MultiPolygon",
        "coordinates": [
          [
            [
              [
                137.01526825545082,
                36.675002175145984
              ],
              [
                137.0158262852072,
                36.67494586300765
              ],
              [
                137.01584564781558,
                36.674936487795925
              ],
              [
                137.01585747170282,
                36.67492603959383
              ],
              [
                137.0158628541687,
                36.674914078194824
              ],
              [
                137.0157772828354,
                36.674618396344634
              ],
              [
                137.01521644102303,
                36.67472352382594
              ],
              [
                137.01526825545082,
                36.675002175145984
              ]
            ]
          ]
        ]
      }
    },
    {
      "type": "Feature",
      "properties": {
        "OBJECTID": 35,
        "東西列No": "西B11",
        "品目": 4,
        "名前": "星野修",
        "面積": 1300,
        "田植え": null,
        "稲刈り": null
      },
      "geometry": {
        "type": "MultiPolygon",
        "coordinates": [
          [
            [
              [
                137.01595014037483,
                36.6749274456546
              ],
              [
                137.015971069865,
                36.674929256558094
              ],
              [
                137.0162968091874,
                36.6748965934902
              ],
              [
                137.01630660873067,
                36.674891495940145
              ],
              [
                137.01630663587707,
                36.67487754507309
              ],
              [
                137.01622723634824,
                36.67453135789424
              ],
              [
                137.0158465022094,
                36.674567528988284
              ],
              [
                137.0159428503911,
                36.67490783487153
              ],
              [
                137.01595014037483,
                36.6749274456546
              ]
            ]
          ]
        ]
      }
    },
    {
      "type": "Feature",
      "properties": {
        "OBJECTID": 36,
        "東西列No": "西B22",
        "品目": 14,
        "名前": "川岸豊",
        "面積": 2790,
        "田植え": null,
        "稲刈り": "2026/08/25"
      },
      "geometry": {
        "type": "MultiPolygon",
        "coordinates": [
          [
            [
              [
                137.01724557731427,
                36.67545074082728
              ],
              [
                137.01718194609208,
                36.675389089557314
              ],
              [
                137.01715919034373,
                36.67534805543806
              ],
              [
                137.01710338886352,
                36.67519503014812
              ],
              [
                137.01607181581258,
                36.675384473552704
              ],
              [
                137.01615186598403,
                36.6756551933706
              ],
              [
                137.01724557731427,
                36.67545074082728
              ]
            ]
          ]
        ]
      }
    },
    {
      "type": "Feature",
      "properties": {
        "OBJECTID": 37,
        "東西列No": "西B23",
        "品目": 14,
        "名前": "川岸豊",
        "面積": 2900,
        "田植え": null,
        "稲刈り": "2026/08/25"
      },
      "geometry": {
        "type": "MultiPolygon",
        "coordinates": [
          [
            [
              [
                137.0162251932641,
                36.67591405357604
              ],
              [
                137.01732507612965,
                36.67570787776704
              ],
              [
                137.0172578074421,
                36.67546158884748
              ],
              [
                137.01724557731427,
                36.67545074082728
              ],
              [
                137.01615186598403,
                36.6756551933706
              ],
              [
                137.0162251932641,
                36.67591405357604
              ]
            ]
          ]
        ]
      }
    },
    {
      "type": "Feature",
      "properties": {
        "OBJECTID": 38,
        "東西列No": "西B24",
        "品目": 14,
        "名前": "星野修",
        "面積": 2900,
        "田植え": null,
        "稲刈り": "2026/08/25"
      },
      "geometry": {
        "type": "MultiPolygon",
        "coordinates": [
          [
            [
              [
                137.0174026943678,
                36.67597735901191
              ],
              [
                137.01732507612965,
                36.67570787776704
              ],
              [
                137.0162251932641,
                36.67591405357604
              ],
              [
                137.01630105497063,
                36.67618164975536
              ],
              [
                137.0174026943678,
                36.67597735901191
              ]
            ]
          ]
        ]
      }
    },
    {
      "type": "Feature",
      "properties": {
        "OBJECTID": 39,
        "東西列No": "西B26",
        "品目": 14,
        "名前": "松井宏道",
        "面積": 2860,
        "田植え": null,
        "稲刈り": "2026/08/25"
      },
      "geometry": {
        "type": "MultiPolygon",
        "coordinates": [
          [
            [
              [
                137.01645369966502,
                36.67670992172131
              ],
              [
                137.01741162248274,
                36.67653347752159
              ],
              [
                137.0175255002166,
                36.67645107738043
              ],
              [
                137.01752972251387,
                36.67644306180315
              ],
              [
                137.01747539881467,
                36.6762366232068
              ],
              [
                137.01637487759956,
                36.67643944703162
              ],
              [
                137.01645369966502,
                36.67670992172131
              ]
            ]
          ]
        ]
      }
    },
    {
      "type": "Feature",
      "properties": {
        "OBJECTID": 40,
        "東西列No": "西A26",
        "品目": 83,
        "名前": "松井宏道",
        "面積": 3400,
        "田植え": null,
        "稲刈り": null
      },
      "geometry": {
        "type": "MultiPolygon",
        "coordinates": [
          [
            [
              [
                137.01865886023907,
                36.67649739018404
              ],
              [
                137.0185905935347,
                36.67612710182861
              ],
              [
                137.01836224743255,
                36.67615233124332
              ],
              [
                137.01823016957363,
                36.67618711603372
              ],
              [
                137.01819006479295,
                36.67610280188956
              ],
              [
                137.0175551457089,
                36.6762210778918
              ],
              [
                137.017624978465,
                36.67646139472876
              ],
              [
                137.01761451815017,
                36.67647257479917
              ],
              [
                137.01753991295877,
                36.67652533799795
              ],
              [
                137.0181050019793,
                36.67643929277138
              ],
              [
                137.01816201341654,
                36.676575511304186
              ],
              [
                137.018342444016,
                36.67654870855637
              ],
              [
                137.01855528902686,
                36.676520963522954
              ],
              [
                137.0186306139258,
                36.67651264879181
              ],
              [
                137.01865379573593,
                36.67650707201311
              ],
              [
                137.01865886023907,
                36.67649739018404
              ]
            ]
          ]
        ]
      }
    },
    {
      "type": "Feature",
      "properties": {
        "OBJECTID": 41,
        "東西列No": "西A25",
        "品目": 83,
        "名前": "松井宏道",
        "面積": 1710,
        "田植え": null,
        "稲刈り": null
      },
      "geometry": {
        "type": "MultiPolygon",
        "coordinates": [
          [
            [
              [
                137.0175551457089,
                36.6762210778918
              ],
              [
                137.01819006479295,
                36.67610280188956
              ],
              [
                137.0180673471904,
                36.675854795061134
              ],
              [
                137.01747896606796,
                36.67596521600607
              ],
              [
                137.0175551457089,
                36.6762210778918
              ]
            ]
          ]
        ]
      }
    },
    {
      "type": "Feature",
      "properties": {
        "OBJECTID": 42,
        "東西列No": "西A24-2",
        "品目": 83,
        "名前": "松井宏道",
        "面積": 1580,
        "田植え": null,
        "稲刈り": null
      },
      "geometry": {
        "type": "MultiPolygon",
        "coordinates": [
          [
            [
              [
                137.01747896606796,
                36.67596521600607
              ],
              [
                137.0180673471904,
                36.675854795061134
              ],
              [
                137.0180303844071,
                36.67573093920611
              ],
              [
                137.0180270508012,
                36.67570160030473
              ],
              [
                137.01802879863592,
                36.67567705322857
              ],
              [
                137.0180372936869,
                36.67565795794772
              ],
              [
                137.01806102507368,
                36.675634114221204
              ],
              [
                137.01808474401392,
                36.675622554115535
              ],
              [
                137.01813421670232,
                36.67561181920338
              ],
              [
                137.01813205199446,
                36.67560297552617
              ],
              [
                137.0181251638716,
                36.67556024005035
              ],
              [
                137.01739798211182,
                36.675694595053145
              ],
              [
                137.01747896606796,
                36.67596521600607
              ]
            ]
          ]
        ]
      }
    },
    {
      "type": "Feature",
      "properties": {
        "OBJECTID": 45,
        "東西列No": "東H31",
        "品目": 1,
        "名前": "岡田義巳",
        "面積": 1450,
        "田植え": null,
        "稲刈り": "2026/08/18"
      },
      "geometry": {
        "type": "MultiPolygon",
        "coordinates": [
          [
            [
              [
                137.01896476394973,
                36.67751455424084
              ],
              [
                137.0194703682297,
                36.67741146778931
              ],
              [
                137.01937580207795,
                36.67713021506978
              ],
              [
                137.01936087360386,
                36.67712595185525
              ],
              [
                137.01913788273066,
                36.67717532406481
              ],
              [
                137.018966597664,
                36.67720497820224
              ],
              [
                137.01893872434016,
                36.67720645767931
              ],
              [
                137.01891883090966,
                36.677200773333794
              ],
              [
                137.01889151920912,
                36.677183553167154
              ],
              [
                137.01896476394973,
                36.67751455424084
              ]
            ]
          ]
        ]
      }
    },
    {
      "type": "Feature",
      "properties": {
        "OBJECTID": 46,
        "東西列No": "東G34",
        "品目": 1,
        "名前": "上野毅",
        "面積": 3280,
        "田植え": null,
        "稲刈り": "2026/08/19"
      },
      "geometry": {
        "type": "MultiPolygon",
        "coordinates": [
          [
            [
              [
                137.01988666437467,
                36.678445194985976
              ],
              [
                137.02077338047638,
                36.678265373603615
              ],
              [
                137.0206632665079,
                36.67791364546566
              ],
              [
                137.0197763314315,
                36.67809293405225
              ],
              [
                137.01988666437467,
                36.678445194985976
              ]
            ]
          ]
        ]
      }
    },
    {
      "type": "Feature",
      "properties": {
        "OBJECTID": 47,
        "東西列No": "東H35",
        "品目": 83,
        "名前": "上野毅",
        "面積": 2300,
        "田植え": null,
        "稲刈り": null
      },
      "geometry": {
        "type": "MultiPolygon",
        "coordinates": [
          [
            [
              [
                137.01914160016054,
                36.678964575933
              ],
              [
                137.0198100184701,
                36.67882735316064
              ],
              [
                137.01981748956487,
                36.6787641597827
              ],
              [
                137.01980993636562,
                36.67874928934273
              ],
              [
                137.01980969652425,
                36.67846106972119
              ],
              [
                137.01914896134315,
                36.67859592279904
              ],
              [
                137.01915109803042,
                36.678842228999684
              ],
              [
                137.01914160016054,
                36.678964575933
              ]
            ]
          ]
        ]
      }
    },
    {
      "type": "Feature",
      "properties": {
        "OBJECTID": 49,
        "東西列No": "東G4",
        "品目": 2,
        "名前": "川岸豊",
        "面積": 3860,
        "田植え": null,
        "稲刈り": null
      },
      "geometry": {
        "type": "MultiPolygon",
        "coordinates": [
          [
            [
              [
                137.01816734380432,
                36.67350499487147
              ],
              [
                137.01923150841486,
                36.67328737436306
              ],
              [
                137.01921363016842,
                36.673222860832524
              ],
              [
                137.01919968618515,
                36.67316625588126
              ],
              [
                137.01919361475908,
                36.67312333220417
              ],
              [
                137.01918078657536,
                36.67293348305708
              ],
              [
                137.01845690637572,
                36.67308692755594
              ],
              [
                137.01805453894877,
                36.67317757294996
              ],
              [
                137.01816734380432,
                36.67350499487147
              ]
            ]
          ]
        ]
      }
    },
    {
      "type": "Feature",
      "properties": {
        "OBJECTID": 50,
        "東西列No": "東G5",
        "品目": 2,
        "名前": "川岸豊",
        "面積": 3790,
        "田植え": null,
        "稲刈り": null
      },
      "geometry": {
        "type": "MultiPolygon",
        "coordinates": [
          [
            [
              [
                137.0182858655926,
                36.67384463263572
              ],
              [
                137.01933800752877,
                36.67363286316261
              ],
              [
                137.01923150841486,
                36.67328737436306
              ],
              [
                137.01816734380432,
                36.67350499487147
              ],
              [
                137.0182858655926,
                36.67384463263572
              ]
            ]
          ]
        ]
      }
    },
    {
      "type": "Feature",
      "properties": {
        "OBJECTID": 51,
        "東西列No": "東F4",
        "品目": 2,
        "名前": "押川竹弘",
        "面積": 2070,
        "田植え": null,
        "稲刈り": null
      },
      "geometry": {
        "type": "MultiPolygon",
        "coordinates": [
          [
            [
              [
                137.019931120977,
                36.67388886634247
              ],
              [
                137.02045306216544,
                36.673783083083
              ],
              [
                137.02044206981935,
                36.673614658372884
              ],
              [
                137.02043132117984,
                36.67341206865736
              ],
              [
                137.0198247101127,
                36.67353480397492
              ],
              [
                137.0198700201087,
                36.67368443011796
              ],
              [
                137.019931120977,
                36.67388886634247
              ]
            ]
          ]
        ]
      }
    },
    {
      "type": "Feature",
      "properties": {
        "OBJECTID": 52,
        "東西列No": "東F5",
        "品目": 2,
        "名前": "押川竹弘",
        "面積": 3180,
        "田植え": null,
        "稲刈り": null
      },
      "geometry": {
        "type": "MultiPolygon",
        "coordinates": [
          [
            [
              [
                137.01982753258872,
                36.67431799932126
              ],
              [
                137.02057451449357,
                36.67417125112004
              ],
              [
                137.02056994113957,
                36.67415688184662
              ],
              [
                137.02045306216544,
                36.673783083083
              ],
              [
                137.019931120977,
                36.67388886634247
              ],
              [
                137.01994516218159,
                36.673935864303665
              ],
              [
                137.01994327946076,
                36.67395519317886
              ],
              [
                137.01955196577975,
                36.674038505973016
              ],
              [
                137.01962158979723,
                36.674261409881225
              ],
              [
                137.0197970634203,
                36.67422596509385
              ],
              [
                137.01982753258872,
                36.67431799932126
              ]
            ]
          ]
        ]
      }
    },
    {
      "type": "Feature",
      "properties": {
        "OBJECTID": 53,
        "東西列No": "東F22",
        "品目": 23,
        "名前": "山本亮二",
        "面積": 3260,
        "田植え": null,
        "稲刈り": null
      },
      "geometry": {
        "type": "MultiPolygon",
        "coordinates": [
          [
            [
              [
                137.01986325175352,
                36.675026952878966
              ],
              [
                137.02078305983625,
                36.67483955675229
              ],
              [
                137.0206747454765,
                36.674491246259606
              ],
              [
                137.0197552273242,
                36.67468119237789
              ],
              [
                137.01986325175352,
                36.675026952878966
              ]
            ]
          ]
        ]
      }
    },
    {
      "type": "Feature",
      "properties": {
        "OBJECTID": 54,
        "東西列No": "東F23",
        "品目": 23,
        "名前": "押川竹弘",
        "面積": 3260,
        "田植え": null,
        "稲刈り": null
      },
      "geometry": {
        "type": "MultiPolygon",
        "coordinates": [
          [
            [
              [
                137.02089112430053,
                36.67518444218124
              ],
              [
                137.02078305983625,
                36.67483955675229
              ],
              [
                137.01986325175352,
                36.675026952878966
              ],
              [
                137.01996967969785,
                36.67537141353813
              ],
              [
                137.02089112430053,
                36.67518444218124
              ]
            ]
          ]
        ]
      }
    },
    {
      "type": "Feature",
      "properties": {
        "OBJECTID": 55,
        "東西列No": "東F27",
        "品目": 23,
        "名前": "上野毅",
        "面積": 3250,
        "田植え": null,
        "稲刈り": null
      },
      "geometry": {
        "type": "MultiPolygon",
        "coordinates": [
          [
            [
              [
                137.02044443829305,
                36.67676774523089
              ],
              [
                137.02132967190914,
                36.67658771504024
              ],
              [
                137.02122067428925,
                36.676235434429856
              ],
              [
                137.02029759407077,
                36.67642322639257
              ],
              [
                137.0204015093605,
                36.67675539084903
              ],
              [
                137.02044443829305,
                36.67676774523089
              ]
            ]
          ]
        ]
      }
    },
    {
      "type": "Feature",
      "properties": {
        "OBJECTID": 56,
        "東西列No": "東F26",
        "品目": 23,
        "名前": "上野毅",
        "面積": 3260,
        "田植え": null,
        "稲刈り": null
      },
      "geometry": {
        "type": "MultiPolygon",
        "coordinates": [
          [
            [
              [
                137.02029759407077,
                36.67642322639257
              ],
              [
                137.02122067428925,
                36.676235434429856
              ],
              [
                137.02111327316905,
                36.67588727873684
              ],
              [
                137.02018855115122,
                36.67607560859505
              ],
              [
                137.02029759407077,
                36.67642322639257
              ]
            ]
          ]
        ]
      }
    },
    {
      "type": "Feature",
      "properties": {
        "OBJECTID": 57,
        "東西列No": "東E26",
        "品目": 4,
        "名前": "岡田義巳",
        "面積": 3230,
        "田植え": null,
        "稲刈り": "2026/09/06"
      },
      "geometry": {
        "type": "MultiPolygon",
        "coordinates": [
          [
            [
              [
                137.0213031887647,
                36.676217330517055
              ],
              [
                137.02178435907712,
                36.67611928726537
              ],
              [
                137.021780767801,
                36.67610726060946
              ],
              [
                137.02219093943262,
                36.6760132839405
              ],
              [
                137.02208496984903,
                36.67568836702357
              ],
              [
                137.0211956759407,
                36.675868895382116
              ],
              [
                137.0213031887647,
                36.676217330517055
              ]
            ]
          ]
        ]
      }
    },
    {
      "type": "Feature",
      "properties": {
        "OBJECTID": 58,
        "東西列No": "東E24",
        "品目": 4,
        "名前": "柴田満彦",
        "面積": 2750,
        "田植え": null,
        "稲刈り": "2026/09/06"
      },
      "geometry": {
        "type": "MultiPolygon",
        "coordinates": [
          [
            [
              [
                137.0219773791261,
                36.675337018818475
              ],
              [
                137.02185284466358,
                36.67495416393346
              ],
              [
                137.02167255020592,
                36.67499451753034
              ],
              [
                137.0217164752565,
                36.67513151154064
              ],
              [
                137.02124480364873,
                36.67524470665287
              ],
              [
                137.02119830554503,
                36.67511394577857
              ],
              [
                137.02118157821135,
                36.67506456817212
              ],
              [
                137.02095460549836,
                36.67510582885512
              ],
              [
                137.02097175814598,
                36.675160388133
              ],
              [
                137.02108424596884,
                36.675515705907564
              ],
              [
                137.0219773791261,
                36.675337018818475
              ]
            ]
          ]
        ]
      }
    },
    {
      "type": "Feature",
      "properties": {
        "OBJECTID": 59,
        "東西列No": "東保境2",
        "品目": 83,
        "名前": "柴田満彦",
        "面積": 1580,
        "田植え": null,
        "稲刈り": null
      },
      "geometry": {
        "type": "MultiPolygon",
        "coordinates": [
          [
            [
              [
                137.0213128875829,
                36.67255424788223
              ],
              [
                137.0215373503093,
                36.67251038430976
              ],
              [
                137.02153287226497,
                36.6723403769445
              ],
              [
                137.020442218481,
                36.672341746479695
              ],
              [
                137.02044314156288,
                36.67237421862181
              ],
              [
                137.0213128875829,
                36.67255424788223
              ]
            ]
          ]
        ]
      }
    },
    {
      "type": "Feature",
      "properties": {
        "OBJECTID": 60,
        "東西列No": "東D1",
        "品目": 7,
        "名前": "柴田満彦",
        "面積": 1420,
        "田植え": null,
        "稲刈り": null
      },
      "geometry": {
        "type": "MultiPolygon",
        "coordinates": [
          [
            [
              [
                137.0213914758633,
                36.67284312214927
              ],
              [
                137.0220179062092,
                36.672720322694246
              ],
              [
                137.02197278867115,
                36.67255501542023
              ],
              [
                137.0213761698254,
                36.67267469043225
              ],
              [
                137.02135819293778,
                36.67268198821976
              ],
              [
                137.0213914758633,
                36.67284312214927
              ]
            ]
          ]
        ]
      }
    },
    {
      "type": "Feature",
      "properties": {
        "OBJECTID": 61,
        "東西列No": "東保境1",
        "品目": 83,
        "名前": "柴田満彦",
        "面積": 3630,
        "田植え": null,
        "稲刈り": null
      },
      "geometry": {
        "type": "MultiPolygon",
        "coordinates": [
          [
            [
              [
                137.02161084288488,
                36.67251757096568
              ],
              [
                137.023099273695,
                36.672219195733604
              ],
              [
                137.0230684824397,
                36.67210015231057
              ],
              [
                137.02159972416334,
                36.672130928006425
              ],
              [
                137.02161084288488,
                36.67251757096568
              ]
            ]
          ]
        ]
      }
    },
    {
      "type": "Feature",
      "properties": {
        "OBJECTID": 62,
        "東西列No": "東C2",
        "品目": 7,
        "名前": "柴田満彦",
        "面積": 2630,
        "田植え": null,
        "稲刈り": null
      },
      "geometry": {
        "type": "MultiPolygon",
        "coordinates": [
          [
            [
              [
                137.02325684655204,
                36.6728377226357
              ],
              [
                137.02316764743625,
                36.672541654072674
              ],
              [
                137.02232631531422,
                36.672732381221444
              ],
              [
                137.02241293591118,
                36.673011702585875
              ],
              [
                137.02325684655204,
                36.6728377226357
              ]
            ]
          ]
        ]
      }
    },
    {
      "type": "Feature",
      "properties": {
        "OBJECTID": 63,
        "東西列No": "東D4",
        "品目": 23,
        "名前": "柴田篤志",
        "面積": 3600,
        "田植え": null,
        "稲刈り": null
      },
      "geometry": {
        "type": "MultiPolygon",
        "coordinates": [
          [
            [
              [
                137.02165507301953,
                36.67394591644056
              ],
              [
                137.0225804630084,
                36.67376177559786
              ],
              [
                137.02245973110837,
                36.67337338333509
              ],
              [
                137.02156101570435,
                36.673558511054836
              ],
              [
                137.02165507301953,
                36.67394591644056
              ]
            ]
          ]
        ]
      }
    },
    {
      "type": "Feature",
      "properties": {
        "OBJECTID": 64,
        "東西列No": "東D21",
        "品目": 23,
        "名前": "柴田篤志",
        "面積": 2580,
        "田植え": null,
        "稲刈り": null
      },
      "geometry": {
        "type": "MultiPolygon",
        "coordinates": [
          [
            [
              [
                137.02268234280726,
                36.67407890338644
              ],
              [
                137.0226058271414,
                36.673821259848914
              ],
              [
                137.02167323866618,
                36.67400750097989
              ],
              [
                137.02175605281332,
                36.67426975801006
              ],
              [
                137.02268234280726,
                36.67407890338644
              ]
            ]
          ]
        ]
      }
    },
    {
      "type": "Feature",
      "properties": {
        "OBJECTID": 65,
        "東西列No": "東D22",
        "品目": 23,
        "名前": "柴田篤志",
        "面積": 3290,
        "田植え": null,
        "稲刈り": null
      },
      "geometry": {
        "type": "MultiPolygon",
        "coordinates": [
          [
            [
              [
                137.02186610891826,
                36.67461645646876
              ],
              [
                137.02279622765525,
                36.674426389691924
              ],
              [
                137.02268234280726,
                36.67407890338644
              ],
              [
                137.02175605281332,
                36.67426975801006
              ],
              [
                137.02186610891826,
                36.67461645646876
              ]
            ]
          ]
        ]
      }
    },
    {
      "type": "Feature",
      "properties": {
        "OBJECTID": 66,
        "東西列No": "東C23",
        "品目": 7,
        "名前": "柴田満彦",
        "面積": 3030,
        "田植え": null,
        "稲刈り": null
      },
      "geometry": {
        "type": "MultiPolygon",
        "coordinates": [
          [
            [
              [
                137.02296556478723,
                36.6747662914269
              ],
              [
                137.02379907734937,
                36.67459830630087
              ],
              [
                137.02369260833345,
                36.674243196519555
              ],
              [
                137.02285681174723,
                36.6744140079903
              ],
              [
                137.02296556478723,
                36.6747662914269
              ]
            ]
          ]
        ]
      }
    },
    {
      "type": "Feature",
      "properties": {
        "OBJECTID": 67,
        "東西列No": "東C24",
        "品目": 7,
        "名前": "柴田満彦",
        "面積": 3030,
        "田植え": null,
        "稲刈り": null
      },
      "geometry": {
        "type": "MultiPolygon",
        "coordinates": [
          [
            [
              [
                137.02307409350905,
                36.67511338344051
              ],
              [
                137.02390311219108,
                36.67494526601004
              ],
              [
                137.02379907734937,
                36.67459830630087
              ],
              [
                137.02296556478723,
                36.6747662914269
              ],
              [
                137.02307409350905,
                36.67511338344051
              ]
            ]
          ]
        ]
      }
    },
    {
      "type": "Feature",
      "properties": {
        "OBJECTID": 68,
        "東西列No": "東C25",
        "品目": 7,
        "名前": "柴田満彦",
        "面積": 3010,
        "田植え": null,
        "稲刈り": null
      },
      "geometry": {
        "type": "MultiPolygon",
        "coordinates": [
          [
            [
              [
                137.02318611422044,
                36.6754603173234
              ],
              [
                137.02401498624795,
                36.67529474039399
              ],
              [
                137.02390311219108,
                36.67494526601004
              ],
              [
                137.02307409350905,
                36.67511338344051
              ],
              [
                137.02318611422044,
                36.6754603173234
              ]
            ]
          ]
        ]
      }
    },
    {
      "type": "Feature",
      "properties": {
        "OBJECTID": 69,
        "東西列No": "東D26",
        "品目": 2,
        "名前": "岡田義巳",
        "面積": 3290,
        "田植え": null,
        "稲刈り": null
      },
      "geometry": {
        "type": "MultiPolygon",
        "coordinates": [
          [
            [
              [
                137.0223123954007,
                36.67601556712
              ],
              [
                137.0232319538778,
                36.67582716948223
              ],
              [
                137.02312732809875,
                36.67547408022489
              ],
              [
                137.02219768287065,
                36.67566188805242
              ],
              [
                137.0223123954007,
                36.67601556712
              ]
            ]
          ]
        ]
      }
    },
    {
      "type": "Feature",
      "properties": {
        "OBJECTID": 70,
        "東西列No": "東D31",
        "品目": 2,
        "名前": "川岸弘昌",
        "面積": 3260,
        "田植え": null,
        "稲刈り": null
      },
      "geometry": {
        "type": "MultiPolygon",
        "coordinates": [
          [
            [
              [
                137.02255166821405,
                36.67678354388052
              ],
              [
                137.02347632574845,
                36.676595267717744
              ],
              [
                137.02336501732088,
                36.676243959600896
              ],
              [
                137.02243624228592,
                36.67643324380109
              ],
              [
                137.02255166821405,
                36.67678354388052
              ]
            ]
          ]
        ]
      }
    },
    {
      "type": "Feature",
      "properties": {
        "OBJECTID": 71,
        "東西列No": "東D32",
        "品目": 2,
        "名前": "柴田実",
        "面積": 3280,
        "田植え": null,
        "稲刈り": null
      },
      "geometry": {
        "type": "MultiPolygon",
        "coordinates": [
          [
            [
              [
                137.02266093115875,
                36.677133403790066
              ],
              [
                137.02358211218797,
                36.67694557322722
              ],
              [
                137.02347632574845,
                36.676595267717744
              ],
              [
                137.02255166821405,
                36.67678354388052
              ],
              [
                137.02266093115875,
                36.677133403790066
              ]
            ]
          ]
        ]
      }
    },
    {
      "type": "Feature",
      "properties": {
        "OBJECTID": 72,
        "東西列No": "東E32",
        "品目": 4,
        "名前": "川岸弘昌",
        "面積": 2060,
        "田植え": null,
        "稲刈り": null
      },
      "geometry": {
        "type": "MultiPolygon",
        "coordinates": [
          [
            [
              [
                137.02165297548717,
                36.67734033560736
              ],
              [
                137.02255033358927,
                36.67715717037314
              ],
              [
                137.02248089544963,
                36.676930672628934
              ],
              [
                137.0222833136608,
                36.67696936597906
              ],
              [
                137.0223224705158,
                36.677114546037984
              ],
              [
                137.02213570125033,
                36.677156541702416
              ],
              [
                137.02195508889554,
                36.67718474686588
              ],
              [
                137.0218780887484,
                36.67692201050865
              ],
              [
                137.0215431963134,
                36.6769876263027
              ],
              [
                137.02165297548717,
                36.67734033560736
              ]
            ]
          ]
        ]
      }
    },
    {
      "type": "Feature",
      "properties": {
        "OBJECTID": 73,
        "東西列No": "東E31",
        "品目": 4,
        "名前": "川岸弘昌",
        "面積": 3250,
        "田植え": null,
        "稲刈り": null
      },
      "geometry": {
        "type": "MultiPolygon",
        "coordinates": [
          [
            [
              [
                137.0215447526226,
                36.67698762819925
              ],
              [
                137.02244412093685,
                36.676815776521366
              ],
              [
                137.022336635912,
                36.676479211557854
              ],
              [
                137.02232432345164,
                36.67647603334983
              ],
              [
                137.02144192258694,
                36.67665864738106
              ],
              [
                137.0215447526226,
                36.67698762819925
              ]
            ]
          ]
        ]
      }
    },
    {
      "type": "Feature",
      "properties": {
        "OBJECTID": 74,
        "東西列No": "東C31",
        "品目": 4,
        "名前": "岡田義巳",
        "面積": 3280,
        "田植え": null,
        "稲刈り": "2026/09/02"
      },
      "geometry": {
        "type": "MultiPolygon",
        "coordinates": [
          [
            [
              [
                137.02353618671154,
                36.676581523963605
              ],
              [
                137.02447230925492,
                36.67639229854136
              ],
              [
                137.02437158191935,
                36.67606950509478
              ],
              [
                137.02433207873216,
                36.67604979324639
              ],
              [
                137.02342941991756,
                36.676230527779445
              ],
              [
                137.02353618671154,
                36.676581523963605
              ]
            ]
          ]
        ]
      }
    },
    {
      "type": "Feature",
      "properties": {
        "OBJECTID": 75,
        "東西列No": "東D33",
        "品目": 2,
        "名前": "柴田実",
        "面積": 3020,
        "田植え": null,
        "稲刈り": null
      },
      "geometry": {
        "type": "MultiPolygon",
        "coordinates": [
          [
            [
              [
                137.0232030907816,
                36.6773924651821
              ],
              [
                137.02369271572493,
                36.67729312667101
              ],
              [
                137.02358211218797,
                36.67694557322722
              ],
              [
                137.02266093115875,
                36.677133403790066
              ],
              [
                137.0227570262687,
                36.677441178685605
              ],
              [
                137.0231738849118,
                36.677316231782314
              ],
              [
                137.0232030907816,
                36.6773924651821
              ]
            ]
          ]
        ]
      }
    },
    {
      "type": "Feature",
      "properties": {
        "OBJECTID": 76,
        "東西列No": "東D35",
        "品目": 2,
        "名前": "柴田実",
        "面積": 3280,
        "田植え": null,
        "稲刈り": null
      },
      "geometry": {
        "type": "MultiPolygon",
        "coordinates": [
          [
            [
              [
                137.02298828785194,
                36.678183892510916
              ],
              [
                137.0239175734576,
                36.67799417661242
              ],
              [
                137.0238081079369,
                36.6776412264698
              ],
              [
                137.02287959552194,
                36.67783244750128
              ],
              [
                137.02298828785194,
                36.678183892510916
              ]
            ]
          ]
        ]
      }
    },
    {
      "type": "Feature",
      "properties": {
        "OBJECTID": 77,
        "東西列No": "東D36",
        "品目": 2,
        "名前": "川岸弘昌",
        "面積": 3280,
        "田植え": null,
        "稲刈り": null
      },
      "geometry": {
        "type": "MultiPolygon",
        "coordinates": [
          [
            [
              [
                137.0230948634455,
                36.678530963929965
              ],
              [
                137.02402466952606,
                36.67834022945884
              ],
              [
                137.0239175734576,
                36.67799417661242
              ],
              [
                137.02298828785194,
                36.678183892510916
              ],
              [
                137.0230948634455,
                36.678530963929965
              ]
            ]
          ]
        ]
      }
    },
    {
      "type": "Feature",
      "properties": {
        "OBJECTID": 78,
        "東西列No": "東D37",
        "品目": 2,
        "名前": "川岸弘昌",
        "面積": 3340,
        "田植え": null,
        "稲刈り": null
      },
      "geometry": {
        "type": "MultiPolygon",
        "coordinates": [
          [
            [
              [
                137.02320065634495,
                36.67886621929071
              ],
              [
                137.02323067409262,
                36.67887912487903
              ],
              [
                137.02414456104805,
                36.67869525563621
              ],
              [
                137.02402466952606,
                36.67834022945884
              ],
              [
                137.0230948634455,
                36.678530963929965
              ],
              [
                137.02320065634495,
                36.67886621929071
              ]
            ]
          ]
        ]
      }
    },
    {
      "type": "Feature",
      "properties": {
        "OBJECTID": 79,
        "東西列No": "東E36",
        "品目": 4,
        "名前": "今村弘",
        "面積": 3230,
        "田植え": null,
        "稲刈り": "2026/09/06"
      },
      "geometry": {
        "type": "MultiPolygon",
        "coordinates": [
          [
            [
              [
                137.0229895918135,
                36.67855365586987
              ],
              [
                137.0228805267037,
                36.67820384164191
              ],
              [
                137.02197579262247,
                36.67838294486666
              ],
              [
                137.02208316750392,
                36.67873707470296
              ],
              [
                137.0229895918135,
                36.67855365586987
              ]
            ]
          ]
        ]
      }
    },
    {
      "type": "Feature",
      "properties": {
        "OBJECTID": 80,
        "東西列No": "東E33",
        "品目": 4,
        "名前": "川岸弘昌",
        "面積": 3390,
        "田植え": null,
        "稲刈り": "2026/09/06"
      },
      "geometry": {
        "type": "MultiPolygon",
        "coordinates": [
          [
            [
              [
                137.0217610925949,
                36.67768552658821
              ],
              [
                137.02266043082778,
                36.677503904035504
              ],
              [
                137.02255033358927,
                36.67715717037314
              ],
              [
                137.0216545318035,
                36.6773403375025
              ],
              [
                137.0217610925949,
                36.67768552658821
              ]
            ]
          ]
        ]
      }
    },
    {
      "type": "Feature",
      "properties": {
        "OBJECTID": 81,
        "東西列No": "東D42",
        "品目": 2,
        "名前": "今村弘",
        "面積": 3210,
        "田植え": null,
        "稲刈り": null
      },
      "geometry": {
        "type": "MultiPolygon",
        "coordinates": [
          [
            [
              [
                137.0243480603014,
                36.679442736955984
              ],
              [
                137.02424801875821,
                36.679079894149126
              ],
              [
                137.0233179638314,
                36.67926757489548
              ],
              [
                137.02343166394274,
                36.67962980404332
              ],
              [
                137.02369139566187,
                36.67957244707435
              ],
              [
                137.0243480603014,
                36.679442736955984
              ]
            ]
          ]
        ]
      }
    },
    {
      "type": "Feature",
      "properties": {
        "OBJECTID": 84,
        "東西列No": "東A45",
        "品目": 2,
        "名前": "今村弘",
        "面積": 5580,
        "田植え": null,
        "稲刈り": null
      },
      "geometry": {
        "type": "MultiPolygon",
        "coordinates": [
          [
            [
              [
                137.0276788598033,
                36.67990012009388
              ],
              [
                137.02756778659563,
                36.67953419405061
              ],
              [
                137.02704520601142,
                36.679643306079306
              ],
              [
                137.02686325163404,
                36.67968129533913
              ],
              [
                137.02662249983743,
                36.67973156190807
              ],
              [
                137.02683005520913,
                36.68040408014773
              ],
              [
                137.0268367177823,
                36.68042596058787
              ],
              [
                137.0268369791695,
                36.68044845535337
              ],
              [
                137.02683695801335,
                36.680460144155724
              ],
              [
                137.02682915450248,
                36.68046898497568
              ],
              [
                137.02682160885718,
                36.68047753770745
              ],
              [
                137.0268103049699,
                36.68048540109753
              ],
              [
                137.0268034262877,
                36.68049018751062
              ],
              [
                137.02678764392473,
                36.68049346743941
              ],
              [
                137.02681644020169,
                36.68057608007527
              ],
              [
                137.02695352365882,
                36.680454414028254
              ],
              [
                137.02707934006418,
                36.68035097531314
              ],
              [
                137.0272242504101,
                36.6802318235159
              ],
              [
                137.02752392569528,
                36.680006760813946
              ],
              [
                137.0276788598033,
                36.67990012009388
              ]
            ]
          ]
        ]
      }
    },
    {
      "type": "Feature",
      "properties": {
        "OBJECTID": 85,
        "東西列No": "東B45",
        "品目": 1,
        "名前": "山田貴志",
        "面積": 2840,
        "田植え": null,
        "稲刈り": "2026/08/18"
      },
      "geometry": {
        "type": "MultiPolygon",
        "coordinates": [
          [
            [
              [
                137.026144382755,
                36.68019656010208
              ],
              [
                137.026213717701,
                36.68018575515789
              ],
              [
                137.02666216676607,
                36.680088302561636
              ],
              [
                137.02655563225036,
                36.679745587351434
              ],
              [
                137.02565020795421,
                36.679929782482965
              ],
              [
                137.02572876405839,
                36.68017564728072
              ],
              [
                137.02606000683,
                36.68011068235493
              ],
              [
                137.02607688843867,
                36.68012431972578
              ],
              [
                137.026144382755,
                36.68019656010208
              ]
            ]
          ]
        ]
      }
    },
    {
      "type": "Feature",
      "properties": {
        "OBJECTID": 86,
        "東西列No": "東B44",
        "品目": 1,
        "名前": "山田貴志",
        "面積": 3200,
        "田植え": null,
        "稲刈り": "2026/08/18"
      },
      "geometry": {
        "type": "MultiPolygon",
        "coordinates": [
          [
            [
              [
                137.02655563225036,
                36.679745587351434
              ],
              [
                137.0264454833752,
                36.679391269064055
              ],
              [
                137.02553865616002,
                36.67957995880003
              ],
              [
                137.02565020795421,
                36.679929782482965
              ],
              [
                137.02655563225036,
                36.679745587351434
              ]
            ]
          ]
        ]
      }
    },
    {
      "type": "Feature",
      "properties": {
        "OBJECTID": 87,
        "東西列No": "東B43",
        "品目": 1,
        "名前": "柴田実",
        "面積": 3200,
        "田植え": null,
        "稲刈り": "2026/08/18"
      },
      "geometry": {
        "type": "MultiPolygon",
        "coordinates": [
          [
            [
              [
                137.02553865616002,
                36.67957995880003
              ],
              [
                137.0264454833752,
                36.679391269064055
              ],
              [
                137.02633389028608,
                36.679031821008095
              ],
              [
                137.02542861204194,
                36.679219980026524
              ],
              [
                137.02553865616002,
                36.67957995880003
              ]
            ]
          ]
        ]
      }
    },
    {
      "type": "Feature",
      "properties": {
        "OBJECTID": 88,
        "東西列No": "東B42",
        "品目": 1,
        "名前": "柴田実",
        "面積": 3190,
        "田植え": null,
        "稲刈り": "2026/08/17"
      },
      "geometry": {
        "type": "MultiPolygon",
        "coordinates": [
          [
            [
              [
                137.02542861204194,
                36.679219980026524
              ],
              [
                137.02633389028608,
                36.679031821008095
              ],
              [
                137.026222844869,
                36.678679412005245
              ],
              [
                137.02532040337223,
                36.678866401974766
              ],
              [
                137.02542861204194,
                36.679219980026524
              ]
            ]
          ]
        ]
      }
    },
    {
      "type": "Feature",
      "properties": {
        "OBJECTID": 89,
        "東西列No": "東B37",
        "品目": 1,
        "名前": "柴田実",
        "面積": 3230,
        "田植え": null,
        "稲刈り": "2026/08/17"
      },
      "geometry": {
        "type": "MultiPolygon",
        "coordinates": [
          [
            [
              [
                137.02519479178486,
                36.67846084776545
              ],
              [
                137.0252195245487,
                36.6784759996263
              ],
              [
                137.02610698298494,
                36.67829359795823
              ],
              [
                137.02599133662864,
                36.67793752431119
              ],
              [
                137.02509038578992,
                36.67812143215509
              ],
              [
                137.02519479178486,
                36.67846084776545
              ]
            ]
          ]
        ]
      }
    },
    {
      "type": "Feature",
      "properties": {
        "OBJECTID": 90,
        "東西列No": "東B36",
        "品目": 1,
        "名前": "岡野恵子",
        "面積": 3010,
        "田植え": null,
        "稲刈り": "2026/08/17"
      },
      "geometry": {
        "type": "MultiPolygon",
        "coordinates": [
          [
            [
              [
                137.02599133662864,
                36.67793752431119
              ],
              [
                137.0258814986234,
                36.6775934886949
              ],
              [
                137.02543386197033,
                36.677682350735374
              ],
              [
                137.02544727819821,
                36.67771232322174
              ],
              [
                137.02499115629396,
                36.67780899612801
              ],
              [
                137.02509038578992,
                36.67812143215509
              ],
              [
                137.02599133662864,
                36.67793752431119
              ]
            ]
          ]
        ]
      }
    },
    {
      "type": "Feature",
      "properties": {
        "OBJECTID": 91,
        "東西列No": "東B34",
        "品目": 1,
        "名前": "岡野恵子",
        "面積": 3210,
        "田植え": null,
        "稲刈り": "2026/08/17"
      },
      "geometry": {
        "type": "MultiPolygon",
        "coordinates": [
          [
            [
              [
                137.02487523246688,
                36.677430507684115
              ],
              [
                137.02577130415557,
                36.67724299078371
              ],
              [
                137.0256636071942,
                36.67689167559704
              ],
              [
                137.0247640716212,
                36.67707270779693
              ],
              [
                137.02487523246688,
                36.677430507684115
              ]
            ]
          ]
        ]
      }
    },
    {
      "type": "Feature",
      "properties": {
        "OBJECTID": 92,
        "東西列No": "東B33",
        "品目": 1,
        "名前": "岡田晶晴",
        "面積": 2720,
        "田植え": null,
        "稲刈り": "2026/08/17"
      },
      "geometry": {
        "type": "MultiPolygon",
        "coordinates": [
          [
            [
              [
                137.02503111930275,
                36.67701692471352
              ],
              [
                137.02566349600087,
                36.67689129695264
              ],
              [
                137.02555206921002,
                36.67653663369956
              ],
              [
                137.0246524109971,
                36.67671953946458
              ],
              [
                137.02469350151628,
                36.676849859928915
              ],
              [
                137.0249664169465,
                36.676797048999525
              ],
              [
                137.02503111930275,
                36.67701692471352
              ]
            ]
          ]
        ]
      }
    },
    {
      "type": "Feature",
      "properties": {
        "OBJECTID": 93,
        "東西列No": "東B32",
        "品目": 1,
        "名前": "岡田晶晴",
        "面積": 3200,
        "田植え": null,
        "稲刈り": "2026/08/17"
      },
      "geometry": {
        "type": "MultiPolygon",
        "coordinates": [
          [
            [
              [
                137.02555206921002,
                36.67653663369956
              ],
              [
                137.02544507781923,
                36.676192132341676
              ],
              [
                137.024545728305,
                36.67637957082208
              ],
              [
                137.0246524109971,
                36.67671953946458
              ],
              [
                137.02555206921002,
                36.67653663369956
              ]
            ]
          ]
        ]
      }
    },
    {
      "type": "Feature",
      "properties": {
        "OBJECTID": 94,
        "東西列No": "東B27",
        "品目": 1,
        "名前": "岡田義巳",
        "面積": 3370,
        "田植え": null,
        "稲刈り": "2026/08/17"
      },
      "geometry": {
        "type": "MultiPolygon",
        "coordinates": [
          [
            [
              [
                137.02431120223267,
                36.675982510174414
              ],
              [
                137.02433464346183,
                36.67599371333284
              ],
              [
                137.02566403704583,
                36.67572726264449
              ],
              [
                137.02557952909132,
                36.67547461339131
              ],
              [
                137.02555979151117,
                36.675463207584556
              ],
              [
                137.0255457647495,
                36.67546141555821
              ],
              [
                137.02424079900234,
                36.67572500124015
              ],
              [
                137.02423087216877,
                36.67573261369711
              ],
              [
                137.02431120223267,
                36.675982510174414
              ]
            ]
          ]
        ]
      }
    },
    {
      "type": "Feature",
      "properties": {
        "OBJECTID": 95,
        "東西列No": "東A31",
        "品目": 2,
        "名前": "岡田晶晴",
        "面積": 1010,
        "田植え": null,
        "稲刈り": null
      },
      "geometry": {
        "type": "MultiPolygon",
        "coordinates": [
          [
            [
              [
                137.0255274112271,
                36.67623584002913
              ],
              [
                137.02582734589714,
                36.676175705175055
              ],
              [
                137.02572810129485,
                36.67587127248372
              ],
              [
                137.02571221516544,
                36.67582152971554
              ],
              [
                137.02570466696562,
                36.675797320294116
              ],
              [
                137.025415568968,
                36.675856534033294
              ],
              [
                137.0255274112271,
                36.67623584002913
              ]
            ]
          ]
        ]
      }
    },
    {
      "type": "Feature",
      "properties": {
        "OBJECTID": 96,
        "東西列No": "東A33",
        "品目": 2,
        "名前": "岡田晶晴",
        "面積": 3360,
        "田植え": null,
        "稲刈り": null
      },
      "geometry": {
        "type": "MultiPolygon",
        "coordinates": [
          [
            [
              [
                137.02572848042405,
                36.67687792766379
              ],
              [
                137.0266940342121,
                36.67668456498422
              ],
              [
                137.02658443901217,
                36.67632927397867
              ],
              [
                137.0256170176665,
                36.67652442700278
              ],
              [
                137.02572848042405,
                36.67687792766379
              ]
            ]
          ]
        ]
      }
    },
    {
      "type": "Feature",
      "properties": {
        "OBJECTID": 97,
        "東西列No": "東A34",
        "品目": 2,
        "名前": "岡田義巳",
        "面積": 3360,
        "田植え": null,
        "稲刈り": null
      },
      "geometry": {
        "type": "MultiPolygon",
        "coordinates": [
          [
            [
              [
                137.02583880136413,
                36.677232310046534
              ],
              [
                137.0268031715777,
                36.67703373604163
              ],
              [
                137.0266940342121,
                36.67668456498422
              ],
              [
                137.02572848042405,
                36.67687792766379
              ],
              [
                137.02583880136413,
                36.677232310046534
              ]
            ]
          ]
        ]
      }
    },
    {
      "type": "Feature",
      "properties": {
        "OBJECTID": 98,
        "東西列No": "東A41",
        "品目": 2,
        "名前": "岡田義巳",
        "面積": 3280,
        "田植え": null,
        "稲刈り": null
      },
      "geometry": {
        "type": "MultiPolygon",
        "coordinates": [
          [
            [
              [
                137.02629035174206,
                36.678670227053374
              ],
              [
                137.02724151633433,
                36.67847022809127
              ],
              [
                137.0271449999765,
                36.678149686059214
              ],
              [
                137.02712840264388,
                36.67813985231968
              ],
              [
                137.02710835982165,
                36.6781358814865
              ],
              [
                137.02710408416908,
                36.67813676868417
              ],
              [
                137.02617038094442,
                36.67832262898968
              ],
              [
                137.0261878214469,
                36.678342512466735
              ],
              [
                137.02629035174206,
                36.678670227053374
              ]
            ]
          ]
        ]
      }
    },
    {
      "type": "Feature",
      "properties": {
        "OBJECTID": 99,
        "東西列No": "東A43",
        "品目": 2,
        "名前": "今村弘",
        "面積": 2160,
        "田植え": null,
        "稲刈り": null
      },
      "geometry": {
        "type": "MultiPolygon",
        "coordinates": [
          [
            [
              [
                137.02651128980216,
                36.67937610689474
              ],
              [
                137.0270661204403,
                36.67927038755383
              ],
              [
                137.02697313747456,
                36.67897569657192
              ],
              [
                137.02736839422252,
                36.67889306704246
              ],
              [
                137.0273464952122,
                36.678820096633814
              ],
              [
                137.02639935773993,
                36.679018325757916
              ],
              [
                137.02651128980216,
                36.67937610689474
              ]
            ]
          ]
        ]
      }
    },
    {
      "type": "Feature",
      "properties": {
        "OBJECTID": 100,
        "東西列No": "東A44",
        "品目": 2,
        "名前": "今村弘",
        "面積": 3320,
        "田植え": null,
        "稲刈り": null
      },
      "geometry": {
        "type": "MultiPolygon",
        "coordinates": [
          [
            [
              [
                137.02662249983743,
                36.67973156190807
              ],
              [
                137.02756778659563,
                36.67953419405061
              ],
              [
                137.02746275764082,
                36.679198610029566
              ],
              [
                137.0265114117669,
                36.679376719868195
              ],
              [
                137.02662249983743,
                36.67973156190807
              ]
            ]
          ]
        ]
      }
    },
    {
      "type": "Feature",
      "properties": {
        "OBJECTID": 101,
        "東西列No": "滝境1",
        "品目": 2,
        "名前": "今村弘",
        "面積": 2650,
        "田植え": null,
        "稲刈り": null
      },
      "geometry": {
        "type": "MultiPolygon",
        "coordinates": [
          [
            [
              [
                137.0276225835065,
                36.67953747540169
              ],
              [
                137.02808293824515,
                36.67944273500114
              ],
              [
                137.0279346579166,
                36.67886677256998
              ],
              [
                137.02744202080493,
                36.678958707924934
              ],
              [
                137.0276225835065,
                36.67953747540169
              ]
            ]
          ]
        ]
      }
    },
    {
      "type": "Feature",
      "properties": {
        "OBJECTID": 102,
        "東西列No": "東C34",
        "品目": 4,
        "名前": "柴田実",
        "面積": 3300,
        "田植え": null,
        "稲刈り": "2026/09/02"
      },
      "geometry": {
        "type": "MultiPolygon",
        "coordinates": [
          [
            [
              [
                137.02386740261494,
                36.67763160045153
              ],
              [
                137.02479837533625,
                36.6774383739279
              ],
              [
                137.0246903364132,
                36.67709275318454
              ],
              [
                137.02375411241087,
                36.6772780868953
              ],
              [
                137.02386740261494,
                36.67763160045153
              ]
            ]
          ]
        ]
      }
    },
    {
      "type": "Feature",
      "properties": {
        "OBJECTID": 103,
        "東西列No": "東C35",
        "品目": 4,
        "名前": "柴田実",
        "面積": 3300,
        "田植え": null,
        "稲刈り": "2026/09/02"
      },
      "geometry": {
        "type": "MultiPolygon",
        "coordinates": [
          [
            [
              [
                137.02397591038746,
                36.67798226930467
              ],
              [
                137.02490840622932,
                36.67779039559211
              ],
              [
                137.02479837533625,
                36.6774383739279
              ],
              [
                137.02386740261494,
                36.67763160045153
              ],
              [
                137.02397591038746,
                36.67798226930467
              ]
            ]
          ]
        ]
      }
    },
    {
      "type": "Feature",
      "properties": {
        "OBJECTID": 115,
        "東西列No": "西E20",
        "品目": 1,
        "名前": "川岸弘明",
        "面積": 4360,
        "田植え": null,
        "稲刈り": "2026/08/18"
      },
      "geometry": {
        "type": "MultiPolygon",
        "coordinates": [
          [
            [
              [
                137.0121940324852,
                36.67498396990082
              ],
              [
                137.01221063627906,
                36.6750004747678
              ],
              [
                137.0123623839439,
                36.675525776859146
              ],
              [
                137.0134460709105,
                36.6753196519303
              ],
              [
                137.01337039853783,
                36.67506917734643
              ],
              [
                137.01335763478795,
                36.67504563904892
              ],
              [
                137.0121940324852,
                36.67498396990082
              ]
            ]
          ]
        ]
      }
    },
    {
      "type": "Feature",
      "properties": {
        "OBJECTID": 116,
        "東西列No": "西E21",
        "品目": 1,
        "名前": "川岸弘明",
        "面積": 2920,
        "田植え": null,
        "稲刈り": "2026/08/18"
      },
      "geometry": {
        "type": "MultiPolygon",
        "coordinates": [
          [
            [
              [
                137.0134460709105,
                36.6753196519303
              ],
              [
                137.0123623839439,
                36.675525776859146
              ],
              [
                137.0124355306475,
                36.67578460310753
              ],
              [
                137.01352153235854,
                36.67558647433154
              ],
              [
                137.0134460709105,
                36.6753196519303
              ]
            ]
          ]
        ]
      }
    },
    {
      "type": "Feature",
      "properties": {
        "OBJECTID": 117,
        "東西列No": "西E22",
        "品目": 1,
        "名前": "川岸弘明",
        "面積": 2900,
        "田植え": null,
        "稲刈り": "2026/08/20"
      },
      "geometry": {
        "type": "MultiPolygon",
        "coordinates": [
          [
            [
              [
                137.01251200203833,
                36.676048399330526
              ],
              [
                137.01359461885622,
                36.675843794753234
              ],
              [
                137.01352153235854,
                36.67558647433154
              ],
              [
                137.0124355306475,
                36.67578460310753
              ],
              [
                137.01251200203833,
                36.676048399330526
              ]
            ]
          ]
        ]
      }
    },
    {
      "type": "Feature",
      "properties": {
        "OBJECTID": 118,
        "東西列No": "西E23",
        "品目": 1,
        "名前": "川岸弘明",
        "面積": 2940,
        "田植え": null,
        "稲刈り": "2026/08/18"
      },
      "geometry": {
        "type": "MultiPolygon",
        "coordinates": [
          [
            [
              [
                137.01251200203833,
                36.676048399330526
              ],
              [
                137.0125888541969,
                36.67630666249046
              ],
              [
                137.01366979788654,
                36.6761068495721
              ],
              [
                137.01359461885622,
                36.675843794753234
              ],
              [
                137.01251200203833,
                36.676048399330526
              ]
            ]
          ]
        ]
      }
    },
    {
      "type": "Feature",
      "properties": {
        "OBJECTID": 119,
        "東西列No": "西E24",
        "品目": 1,
        "名前": "松本哲男",
        "面積": 2950,
        "田植え": null,
        "稲刈り": "2026/08/18"
      },
      "geometry": {
        "type": "MultiPolygon",
        "coordinates": [
          [
            [
              [
                137.01366979788654,
                36.6761068495721
              ],
              [
                137.0125888541969,
                36.67630666249046
              ],
              [
                137.0126438441512,
                36.67649226793854
              ],
              [
                137.01263235167875,
                36.67651011526895
              ],
              [
                137.01265538546005,
                36.67652288832081
              ],
              [
                137.01266605728478,
                36.67652944858908
              ],
              [
                137.01267674232437,
                36.67654060690158
              ],
              [
                137.01268654719715,
                36.67655551675816
              ],
              [
                137.01269196790878,
                36.67656958281019
              ],
              [
                137.0137462883557,
                36.676374601376594
              ],
              [
                137.01366979788654,
                36.6761068495721
              ]
            ]
          ]
        ]
      }
    },
    {
      "type": "Feature",
      "properties": {
        "OBJECTID": 120,
        "東西列No": "西E25",
        "品目": 1,
        "名前": "松本哲男",
        "面積": 2760,
        "田植え": null,
        "稲刈り": "2026/08/18"
      },
      "geometry": {
        "type": "MultiPolygon",
        "coordinates": [
          [
            [
              [
                137.0137462883557,
                36.676374601376594
              ],
              [
                137.01269196790878,
                36.67656958281019
              ],
              [
                137.0127672502343,
                36.67683575652135
              ],
              [
                137.01382116336745,
                36.67663915171351
              ],
              [
                137.0137462883557,
                36.676374601376594
              ]
            ]
          ]
        ]
      }
    },
    {
      "type": "Feature",
      "properties": {
        "OBJECTID": 123,
        "東西列No": "西E28",
        "品目": 1,
        "名前": "松本哲男",
        "面積": 2870,
        "田植え": null,
        "稲刈り": "2026/08/19"
      },
      "geometry": {
        "type": "MultiPolygon",
        "coordinates": [
          [
            [
              [
                137.01397330153114,
                36.677166497894206
              ],
              [
                137.0129164094844,
                36.677361072431616
              ],
              [
                137.01299008293145,
                36.67762125077415
              ],
              [
                137.0140483292073,
                36.67742817335669
              ],
              [
                137.01397330153114,
                36.677166497894206
              ]
            ]
          ]
        ]
      }
    },
    {
      "type": "Feature",
      "properties": {
        "OBJECTID": 124,
        "東西列No": "西E29",
        "品目": 1,
        "名前": "松本哲男",
        "面積": 2820,
        "田植え": null,
        "稲刈り": "2026/08/19"
      },
      "geometry": {
        "type": "MultiPolygon",
        "coordinates": [
          [
            [
              [
                137.01299008293145,
                36.67762125077415
              ],
              [
                137.0130672419376,
                36.677889959102195
              ],
              [
                137.01412465155585,
                36.67769172495808
              ],
              [
                137.0140483292073,
                36.67742817335669
              ],
              [
                137.01299008293145,
                36.67762125077415
              ]
            ]
          ]
        ]
      }
    },
    {
      "type": "Feature",
      "properties": {
        "OBJECTID": 125,
        "東西列No": "西E30",
        "品目": 1,
        "名前": "松本哲男",
        "面積": 2980,
        "田植え": null,
        "稲刈り": "2026/08/19"
      },
      "geometry": {
        "type": "MultiPolygon",
        "coordinates": [
          [
            [
              [
                137.0131483549597,
                36.67817359667712
              ],
              [
                137.01421161663683,
                36.6779770095394
              ],
              [
                137.01420446979176,
                36.677964320216994
              ],
              [
                137.01412465155585,
                36.67769172495808
              ],
              [
                137.0130672419376,
                36.677889959102195
              ],
              [
                137.0131483549597,
                36.67817359667712
              ]
            ]
          ]
        ]
      }
    },
    {
      "type": "Feature",
      "properties": {
        "OBJECTID": 126,
        "東西列No": "西E31",
        "品目": 1,
        "名前": "川岸弘明",
        "面積": 2940,
        "田植え": null,
        "稲刈り": "2026/08/19"
      },
      "geometry": {
        "type": "MultiPolygon",
        "coordinates": [
          [
            [
              [
                137.01421408780956,
                36.67802880584614
              ],
              [
                137.01313865842246,
                36.67823352435026
              ],
              [
                137.01315114357624,
                36.678256728848375
              ],
              [
                137.01321571532318,
                36.67848660526166
              ],
              [
                137.0142925608551,
                36.67829168415241
              ],
              [
                137.01421408780956,
                36.67802880584614
              ]
            ]
          ]
        ]
      }
    },
    {
      "type": "Feature",
      "properties": {
        "OBJECTID": 154,
        "東西列No": "西D26",
        "品目": 9,
        "名前": "松本哲男",
        "面積": 2900,
        "田植え": null,
        "稲刈り": null
      },
      "geometry": {
        "type": "MultiPolygon",
        "coordinates": [
          [
            [
              [
                137.01406316379916,
                36.676873707353415
              ],
              [
                137.0151388126157,
                36.67667171140937
              ],
              [
                137.01506361015282,
                36.67640636840654
              ],
              [
                137.01398746100605,
                36.676608543286655
              ],
              [
                137.01406316379916,
                36.676873707353415
              ]
            ]
          ]
        ]
      }
    },
    {
      "type": "Feature",
      "properties": {
        "OBJECTID": 155,
        "東西列No": "西D27",
        "品目": 9,
        "名前": "松本哲男",
        "面積": 2910,
        "田植え": null,
        "稲刈り": null
      },
      "geometry": {
        "type": "MultiPolygon",
        "coordinates": [
          [
            [
              [
                137.01406316379916,
                36.676873707353415
              ],
              [
                137.01414086717062,
                36.677140225754115
              ],
              [
                137.01521568963153,
                36.67693921040051
              ],
              [
                137.0151388126157,
                36.67667171140937
              ],
              [
                137.01406316379916,
                36.676873707353415
              ]
            ]
          ]
        ]
      }
    },
    {
      "type": "Feature",
      "properties": {
        "OBJECTID": 156,
        "東西列No": "西D28",
        "品目": 9,
        "名前": "松本哲男",
        "面積": 2940,
        "田植え": null,
        "稲刈り": null
      },
      "geometry": {
        "type": "MultiPolygon",
        "coordinates": [
          [
            [
              [
                137.01521568963153,
                36.67693921040051
              ],
              [
                137.01414086717062,
                36.677140225754115
              ],
              [
                137.01421530629446,
                36.67739992668616
              ],
              [
                137.01528806007403,
                36.67720005259364
              ],
              [
                137.01521568963153,
                36.67693921040051
              ]
            ]
          ]
        ]
      }
    },
    {
      "type": "Feature",
      "properties": {
        "OBJECTID": 157,
        "東西列No": "西D29",
        "品目": 9,
        "名前": "松本哲男",
        "面積": 2920,
        "田植え": null,
        "稲刈り": null
      },
      "geometry": {
        "type": "MultiPolygon",
        "coordinates": [
          [
            [
              [
                137.01536270284709,
                36.67746060021615
              ],
              [
                137.01528806007403,
                36.67720005259364
              ],
              [
                137.01421530629446,
                36.67739992668616
              ],
              [
                137.01429052907622,
                36.67765964658799
              ],
              [
                137.01536270284709,
                36.67746060021615
              ]
            ]
          ]
        ]
      }
    },
    {
      "type": "Feature",
      "properties": {
        "OBJECTID": 158,
        "東西列No": "西D30",
        "品目": 9,
        "名前": "松本哲男",
        "面積": 2920,
        "田植え": null,
        "稲刈り": null
      },
      "geometry": {
        "type": "MultiPolygon",
        "coordinates": [
          [
            [
              [
                137.01429052907622,
                36.67765964658799
              ],
              [
                137.01436797944467,
                36.67793043626847
              ],
              [
                137.01532535230487,
                36.67775359364242
              ],
              [
                137.01543791584575,
                36.67773303560447
              ],
              [
                137.01541895418117,
                36.677662950635636
              ],
              [
                137.01536270284709,
                36.67746060021615
              ],
              [
                137.01429052907622,
                36.67765964658799
              ]
            ]
          ]
        ]
      }
    },
    {
      "type": "Feature",
      "properties": {
        "OBJECTID": 165,
        "東西列No": "西C4",
        "品目": 14,
        "名前": "川岸豊",
        "面積": 2890,
        "田植え": null,
        "稲刈り": "2026/08/24"
      },
      "geometry": {
        "type": "MultiPolygon",
        "coordinates": [
          [
            [
              [
                137.01532958217493,
                36.67303473414948
              ],
              [
                137.01422532228864,
                36.6732418052979
              ],
              [
                137.01424903944005,
                36.67325375881123
              ],
              [
                137.01431982110023,
                36.67351126519568
              ],
              [
                137.01540714493444,
                36.67330478450515
              ],
              [
                137.01532958217493,
                36.67303473414948
              ]
            ]
          ]
        ]
      }
    },
    {
      "type": "Feature",
      "properties": {
        "OBJECTID": 182,
        "東西列No": "西B25",
        "品目": 14,
        "名前": "松井宏道",
        "面積": 2910,
        "田植え": null,
        "稲刈り": "2026/08/25"
      },
      "geometry": {
        "type": "MultiPolygon",
        "coordinates": [
          [
            [
              [
                137.01637487759956,
                36.67643944703162
              ],
              [
                137.01747539881467,
                36.6762366232068
              ],
              [
                137.0174026943678,
                36.67597735901191
              ],
              [
                137.01630105497063,
                36.67618164975536
              ],
              [
                137.01637487759956,
                36.67643944703162
              ]
            ]
          ]
        ]
      }
    },
    {
      "type": "Feature",
      "properties": {
        "OBJECTID": 183,
        "東西列No": "西B27",
        "品目": 14,
        "名前": "松井宏道",
        "面積": 2400,
        "田植え": null,
        "稲刈り": "2026/08/25"
      },
      "geometry": {
        "type": "MultiPolygon",
        "coordinates": [
          [
            [
              [
                137.01650792731294,
                36.6768943113778
              ],
              [
                137.01652943252833,
                36.67696977607261
              ],
              [
                137.01743892743875,
                36.67680300378367
              ],
              [
                137.01741149015055,
                36.676723616912554
              ],
              [
                137.01736906994248,
                36.67659300388743
              ],
              [
                137.01736716759905,
                36.67657579719798
              ],
              [
                137.017369347718,
                36.67657084321693
              ],
              [
                137.01741162248274,
                36.67653347752159
              ],
              [
                137.01645369966502,
                36.67670992172131
              ],
              [
                137.01650792731294,
                36.6768943113778
              ]
            ]
          ]
        ]
      }
    },
    {
      "type": "Feature",
      "properties": {
        "OBJECTID": 184,
        "東西列No": "西B28",
        "品目": 14,
        "名前": "松井宏道",
        "面積": 2670,
        "田植え": null,
        "稲刈り": "2026/08/25"
      },
      "geometry": {
        "type": "MultiPolygon",
        "coordinates": [
          [
            [
              [
                137.01652943252833,
                36.67696977607261
              ],
              [
                137.01660672107957,
                36.67723540013744
              ],
              [
                137.01770596020106,
                36.67703577193796
              ],
              [
                137.01769185630994,
                36.67702170426439
              ],
              [
                137.01745556882943,
                36.676829790891595
              ],
              [
                137.01743892743875,
                36.67680300378367
              ],
              [
                137.01652943252833,
                36.67696977607261
              ]
            ]
          ]
        ]
      }
    },
    {
      "type": "Feature",
      "properties": {
        "OBJECTID": 186,
        "東西列No": "西A28",
        "品目": 1,
        "名前": "松井宏道",
        "面積": 2170,
        "田植え": null,
        "稲刈り": "2026/08/19"
      },
      "geometry": {
        "type": "MultiPolygon",
        "coordinates": [
          [
            [
              [
                137.01785444695355,
                36.67728307229347
              ],
              [
                137.01787262065852,
                36.67728120243871
              ],
              [
                137.0183246913375,
                36.67719387037048
              ],
              [
                137.0185654325527,
                36.67715071765301
              ],
              [
                137.01852516697227,
                36.676999848284645
              ],
              [
                137.01874573883129,
                36.67696038854544
              ],
              [
                137.01872668685778,
                36.6768524382884
              ],
              [
                137.01778041352807,
                36.677021373415904
              ],
              [
                137.01779558354292,
                36.67706281248457
              ],
              [
                137.0178191221506,
                36.67715091820656
              ],
              [
                137.01785444695355,
                36.67728307229347
              ]
            ]
          ]
        ]
      }
    },
    {
      "type": "Feature",
      "properties": {
        "OBJECTID": 187,
        "東西列No": "西A31",
        "品目": 1,
        "名前": "上野毅",
        "面積": 1270,
        "田植え": null,
        "稲刈り": "2026/08/19"
      },
      "geometry": {
        "type": "MultiPolygon",
        "coordinates": [
          [
            [
              [
                137.01794663652996,
                36.67761625157295
              ],
              [
                137.0184281282969,
                36.677526531573896
              ],
              [
                137.0183537489173,
                36.67728655204897
              ],
              [
                137.01788108576443,
                36.677376544137005
              ],
              [
                137.01794663652996,
                36.67761625157295
              ]
            ]
          ]
        ]
      }
    },
    {
      "type": "Feature",
      "properties": {
        "OBJECTID": 188,
        "東西列No": "西A32",
        "品目": 1,
        "名前": "上野毅",
        "面積": 2090,
        "田植え": null,
        "稲刈り": "2026/08/19"
      },
      "geometry": {
        "type": "MultiPolygon",
        "coordinates": [
          [
            [
              [
                137.01794663652996,
                36.67761625157295
              ],
              [
                137.01802066980554,
                36.677866982467435
              ],
              [
                137.01801986641846,
                36.67788910642992
              ],
              [
                137.01803104115456,
                36.677884668348355
              ],
              [
                137.01885675258973,
                36.67773542656166
              ],
              [
                137.01887137164928,
                36.677726017938305
              ],
              [
                137.01882284970537,
                36.67750820478014
              ],
              [
                137.01845874902864,
                36.67757437042909
              ],
              [
                137.018439437045,
                36.677563009037435
              ],
              [
                137.0184281282969,
                36.677526531573896
              ],
              [
                137.01794663652996,
                36.67761625157295
              ]
            ]
          ]
        ]
      }
    },
    {
      "type": "Feature",
      "properties": {
        "OBJECTID": 207,
        "東西列No": "西A33",
        "品目": 1,
        "名前": "上野毅",
        "面積": 1840,
        "田植え": null,
        "稲刈り": "2026/08/19"
      },
      "geometry": {
        "type": "MultiPolygon",
        "coordinates": [
          [
            [
              [
                137.01810038340025,
                36.67814305370201
              ],
              [
                137.0187805526141,
                36.678020276279504
              ],
              [
                137.01890786014403,
                36.677999619717035
              ],
              [
                137.0189305580661,
                36.67799630434951
              ],
              [
                137.01888518883445,
                36.67777316892368
              ],
              [
                137.0188909072739,
                36.6777609013952
              ],
              [
                137.01804044399614,
                36.67791725920792
              ],
              [
                137.0180412624625,
                36.677933824663576
              ],
              [
                137.01810038340025,
                36.67814305370201
              ]
            ]
          ]
        ]
      }
    },
    {
      "type": "Feature",
      "properties": {
        "OBJECTID": 208,
        "東西列No": "東H34",
        "品目": 83,
        "名前": "松本哲男",
        "面積": 2130,
        "田植え": null,
        "稲刈り": null
      },
      "geometry": {
        "type": "MultiPolygon",
        "coordinates": [
          [
            [
              [
                137.01914746653932,
                36.67859592094733
              ],
              [
                137.01980820172298,
                36.67846106787777
              ],
              [
                137.01978685073425,
                36.67839203509023
              ],
              [
                137.0197172024226,
                36.678173835770636
              ],
              [
                137.0196956655306,
                36.6781085067507
              ],
              [
                137.01910958288946,
                36.67822620236961
              ],
              [
                137.0191241477248,
                36.67832138930423
              ],
              [
                137.0191334834978,
                36.67841866960131
              ],
              [
                137.01914283567584,
                36.67850737029723
              ],
              [
                137.01914746653932,
                36.67859592094733
              ]
            ]
          ]
        ]
      }
    },
    {
      "type": "Feature",
      "properties": {
        "OBJECTID": 211,
        "東西列No": "東G33",
        "品目": 1,
        "名前": "上野毅",
        "面積": 3280,
        "田植え": null,
        "稲刈り": "2026/08/19"
      },
      "geometry": {
        "type": "MultiPolygon",
        "coordinates": [
          [
            [
              [
                137.0197763314315,
                36.67809293405225
              ],
              [
                137.0206632665079,
                36.67791364546566
              ],
              [
                137.02055445058508,
                36.677562351384616
              ],
              [
                137.01966633868633,
                36.67774469286036
              ],
              [
                137.0197763314315,
                36.67809293405225
              ]
            ]
          ]
        ]
      }
    },
    {
      "type": "Feature",
      "properties": {
        "OBJECTID": 212,
        "東西列No": "東G32",
        "品目": 1,
        "名前": "上野毅",
        "面積": 3100,
        "田植え": null,
        "稲刈り": "2026/08/19"
      },
      "geometry": {
        "type": "MultiPolygon",
        "coordinates": [
          [
            [
              [
                137.01966633868633,
                36.67774469286036
              ],
              [
                137.02055445058508,
                36.677562351384616
              ],
              [
                137.02044620352888,
                36.67721249983597
              ],
              [
                137.01955463922584,
                36.6773942774973
              ],
              [
                137.01966633868633,
                36.67774469286036
              ]
            ]
          ]
        ]
      }
    },
    {
      "type": "Feature",
      "properties": {
        "OBJECTID": 214,
        "東西列No": "東F2",
        "品目": 2,
        "名前": "山本亮二",
        "面積": 4060,
        "田植え": null,
        "稲刈り": null
      },
      "geometry": {
        "type": "MultiPolygon",
        "coordinates": [
          [
            [
              [
                137.01931693625122,
                36.67327136625494
              ],
              [
                137.02040984279895,
                36.673044280899724
              ],
              [
                137.0203869611438,
                36.67267913197074
              ],
              [
                137.01926759419047,
                36.67291534980937
              ],
              [
                137.01929702914163,
                36.67318595811408
              ],
              [
                137.01931693625122,
                36.67327136625494
              ]
            ]
          ],
          [
            [
              [
                137.01928104822437,
                36.67311739324686
              ],
              [
                137.01928641311136,
                36.67315536834024
              ],
              [
                137.0192994579678,
                36.673208286173804
              ],
              [
                137.01929702914163,
                36.67318595811408
              ],
              [
                137.01928104822437,
                36.67311739324686
              ]
            ]
          ]
        ]
      }
    },
    {
      "type": "Feature",
      "properties": {
        "OBJECTID": 216,
        "東西列No": "東E3",
        "品目": 4,
        "名前": "柴田篤志",
        "面積": 2671,
        "田植え": null,
        "稲刈り": "2026/09/06"
      },
      "geometry": {
        "type": "MultiPolygon",
        "coordinates": [
          [
            [
              [
                137.0205378932485,
                36.673769236298966
              ],
              [
                137.02147456706376,
                36.6735760335793
              ],
              [
                137.02143425464456,
                36.673410538221255
              ],
              [
                137.02142425231355,
                36.67336904280645
              ],
              [
                137.02102583884874,
                36.67342861362849
              ],
              [
                137.0209906743198,
                36.673298506361384
              ],
              [
                137.02051687473667,
                36.67339459986459
              ],
              [
                137.0205378932485,
                36.673769236298966
              ]
            ]
          ]
        ]
      }
    },
    {
      "type": "Feature",
      "properties": {
        "OBJECTID": 218,
        "東西列No": "東D2",
        "品目": 23,
        "名前": "押川宗成",
        "面積": 3180,
        "田植え": null,
        "稲刈り": null
      },
      "geometry": {
        "type": "MultiPolygon",
        "coordinates": [
          [
            [
              [
                137.02147556639216,
                36.673204929889685
              ],
              [
                137.0223464431752,
                36.673025410713095
              ],
              [
                137.02224988431223,
                36.672730107606604
              ],
              [
                137.0222470476077,
                36.672721443428905
              ],
              [
                137.02224770259252,
                36.67271219769147
              ],
              [
                137.02224850687543,
                36.67270088833804
              ],
              [
                137.02225126028185,
                36.6726942586873
              ],
              [
                137.02225490153208,
                36.67268548520613
              ],
              [
                137.02224335151033,
                36.672681740143354
              ],
              [
                137.02218695733131,
                36.672691765420794
              ],
              [
                137.02213682418002,
                36.67269802215226
              ],
              [
                137.02211804222543,
                36.67269673764717
              ],
              [
                137.0220179062092,
                36.672720322694246
              ],
              [
                137.0213914758633,
                36.67284312214927
              ],
              [
                137.02147556639216,
                36.673204929889685
              ]
            ]
          ]
        ]
      }
    },
    {
      "type": "Feature",
      "properties": {
        "OBJECTID": 219,
        "東西列No": "東D3",
        "品目": 23,
        "名前": "柴田篤志",
        "面積": 3257,
        "田植え": null,
        "稲刈り": null
      },
      "geometry": {
        "type": "MultiPolygon",
        "coordinates": [
          [
            [
              [
                137.02156101570435,
                36.673558511054836
              ],
              [
                137.02245973110837,
                36.67337338333509
              ],
              [
                137.0223464431752,
                36.673025410713095
              ],
              [
                137.02147556639216,
                36.673204929889685
              ],
              [
                137.02156101570435,
                36.673558511054836
              ]
            ]
          ]
        ]
      }
    },
    {
      "type": "Feature",
      "properties": {
        "OBJECTID": 223,
        "東西列No": "東D23",
        "品目": 23,
        "名前": "柴田満彦",
        "面積": 3350,
        "田植え": null,
        "稲刈り": null
      },
      "geometry": {
        "type": "MultiPolygon",
        "coordinates": [
          [
            [
              [
                137.02197527706434,
                36.67496586640306
              ],
              [
                137.0229053501129,
                36.67477842128691
              ],
              [
                137.02279622765525,
                36.674426389691924
              ],
              [
                137.02186610891826,
                36.67461645646876
              ],
              [
                137.02197527706434,
                36.67496586640306
              ]
            ]
          ]
        ]
      }
    },
    {
      "type": "Feature",
      "properties": {
        "OBJECTID": 226,
        "東西列No": "東C26",
        "品目": 4,
        "名前": "山本正誓",
        "面積": 3020,
        "田植え": null,
        "稲刈り": "2026/09/02"
      },
      "geometry": {
        "type": "MultiPolygon",
        "coordinates": [
          [
            [
              [
                137.0232920996803,
                36.67581036204027
              ],
              [
                137.02361018373207,
                36.67574918216236
              ],
              [
                137.02411770970727,
                36.67565007064902
              ],
              [
                137.02401498624795,
                36.67529474039399
              ],
              [
                137.02318611422044,
                36.6754603173234
              ],
              [
                137.0232920996803,
                36.67581036204027
              ]
            ]
          ]
        ]
      }
    },
    {
      "type": "Feature",
      "properties": {
        "OBJECTID": 227,
        "東西列No": "東H36",
        "品目": 83,
        "名前": "上野毅",
        "面積": 2730,
        "田植え": null,
        "稲刈り": null
      },
      "geometry": {
        "type": "MultiPolygon",
        "coordinates": [
          [
            [
              [
                137.01910932143676,
                36.67935902714675
              ],
              [
                137.02000675333778,
                36.679175493737674
              ],
              [
                137.01996697494374,
                36.67911780268395
              ],
              [
                137.01986968525722,
                36.67899007899361
              ],
              [
                137.0198653336646,
                36.67898375607404
              ],
              [
                137.0198300209393,
                36.678913678696745
              ],
              [
                137.0198080255034,
                36.678836317846454
              ],
              [
                137.01980852366174,
                36.67882735131722
              ],
              [
                137.01914010534955,
                36.67896457408118
              ],
              [
                137.01913820173303,
                36.67898881455245
              ],
              [
                137.01910992514718,
                36.67935342230412
              ],
              [
                137.01910932143676,
                36.67935902714675
              ]
            ]
          ]
        ]
      }
    },
    {
      "type": "Feature",
      "properties": {
        "OBJECTID": 231,
        "東西列No": "東G24",
        "品目": 83,
        "名前": "上野毅",
        "面積": 4230,
        "田植え": null,
        "稲刈り": null
      },
      "geometry": {
        "type": "MultiPolygon",
        "coordinates": [
          [
            [
              [
                137.01983608803977,
                36.6757705781037
              ],
              [
                137.0198262541918,
                36.67573668277552
              ],
              [
                137.01998334190677,
                36.67570249298515
              ],
              [
                137.0198862299126,
                36.6753874605935
              ],
              [
                137.01867390095978,
                36.675636833073185
              ],
              [
                137.01872348972572,
                36.67590435902876
              ],
              [
                137.01869471983827,
                36.67590686472751
              ],
              [
                137.01873313975082,
                36.6759130587859
              ],
              [
                137.0189035304609,
                36.67588158339911
              ],
              [
                137.0189314802769,
                36.67595103010843
              ],
              [
                137.01916553865277,
                36.675904537862785
              ],
              [
                137.01983608803977,
                36.6757705781037
              ]
            ]
          ]
        ]
      }
    },
    {
      "type": "Feature",
      "properties": {
        "OBJECTID": 232,
        "東西列No": "東E21",
        "品目": 4,
        "名前": "柴田篤志",
        "面積": 2460,
        "田植え": null,
        "稲刈り": "2026/09/06"
      },
      "geometry": {
        "type": "MultiPolygon",
        "coordinates": [
          [
            [
              [
                137.02075760288315,
                36.67447428768901
              ],
              [
                137.02164503559942,
                36.674292631048026
              ],
              [
                137.02157079491633,
                36.67405852051389
              ],
              [
                137.02156911544535,
                36.67405323731141
              ],
              [
                137.02156596664133,
                36.67404992599314
              ],
              [
                137.02154929214512,
                36.674046282766476
              ],
              [
                137.02153998101585,
                36.67404593165972
              ],
              [
                137.02150307403156,
                36.67405245387728
              ],
              [
                137.02067490534134,
                36.67421713103144
              ],
              [
                137.02068614953325,
                36.674246632771585
              ],
              [
                137.02075760288315,
                36.67447428768901
              ]
            ]
          ]
        ]
      }
    },
    {
      "type": "Feature",
      "properties": {
        "OBJECTID": 233,
        "東西列No": "東E22",
        "品目": 4,
        "名前": "柴田満彦",
        "面積": 3300,
        "田植え": null,
        "稲刈り": "2026/09/06"
      },
      "geometry": {
        "type": "MultiPolygon",
        "coordinates": [
          [
            [
              [
                137.02086588424987,
                36.67482248090856
              ],
              [
                137.0217541066533,
                36.6746393464333
              ],
              [
                137.02164503559942,
                36.674292631048026
              ],
              [
                137.02075760288315,
                36.67447428768901
              ],
              [
                137.02086588424987,
                36.67482248090856
              ]
            ]
          ]
        ]
      }
    },
    {
      "type": "Feature",
      "properties": {
        "OBJECTID": 234,
        "東西列No": "東F24",
        "品目": 23,
        "名前": "押川竹弘",
        "面積": 3300,
        "田植え": null,
        "稲刈り": null
      },
      "geometry": {
        "type": "MultiPolygon",
        "coordinates": [
          [
            [
              [
                137.01996967969785,
                36.67537141353813
              ],
              [
                137.02007831417976,
                36.67572097770972
              ],
              [
                137.02100038655703,
                36.67552949117797
              ],
              [
                137.02089112430053,
                36.67518444218124
              ],
              [
                137.01996967969785,
                36.67537141353813
              ]
            ]
          ]
        ]
      }
    },
    {
      "type": "Feature",
      "properties": {
        "OBJECTID": 235,
        "東西列No": "東F25",
        "品目": 23,
        "名前": "上野毅",
        "面積": 3300,
        "田植え": null,
        "稲刈り": null
      },
      "geometry": {
        "type": "MultiPolygon",
        "coordinates": [
          [
            [
              [
                137.02018855115122,
                36.67607560859505
              ],
              [
                137.02111327316905,
                36.67588727873684
              ],
              [
                137.02100038655703,
                36.67552949117797
              ],
              [
                137.02007831417976,
                36.67572097770972
              ],
              [
                137.02018855115122,
                36.67607560859505
              ]
            ]
          ]
        ]
      }
    },
    {
      "type": "Feature",
      "properties": {
        "OBJECTID": 237,
        "東西列No": "東C32",
        "品目": 4,
        "名前": "山本正誓",
        "面積": 3310,
        "田植え": null,
        "稲刈り": "2026/09/06"
      },
      "geometry": {
        "type": "MultiPolygon",
        "coordinates": [
          [
            [
              [
                137.0236444802091,
                36.67693150799244
              ],
              [
                137.0245815026824,
                36.67674180516059
              ],
              [
                137.02447230925492,
                36.67639229854136
              ],
              [
                137.02353618671154,
                36.676581523963605
              ],
              [
                137.0236444802091,
                36.67693150799244
              ]
            ]
          ]
        ]
      }
    },
    {
      "type": "Feature",
      "properties": {
        "OBJECTID": 238,
        "東西列No": "東C33",
        "品目": 4,
        "名前": "山本正誓",
        "面積": 3300,
        "田植え": null,
        "稲刈り": "2026/09/02"
      },
      "geometry": {
        "type": "MultiPolygon",
        "coordinates": [
          [
            [
              [
                137.02375411241087,
                36.6772780868953
              ],
              [
                137.0246903364132,
                36.67709275318454
              ],
              [
                137.0245815026824,
                36.67674180516059
              ],
              [
                137.0236444802091,
                36.67693150799244
              ],
              [
                137.02375411241087,
                36.6772780868953
              ]
            ]
          ]
        ]
      }
    },
    {
      "type": "Feature",
      "properties": {
        "OBJECTID": 241,
        "東西列No": "東C36",
        "品目": 4,
        "名前": "山本康芳",
        "面積": 3220,
        "田植え": null,
        "稲刈り": "2026/09/02"
      },
      "geometry": {
        "type": "MultiPolygon",
        "coordinates": [
          [
            [
              [
                137.02397591038746,
                36.67798226930467
              ],
              [
                137.02408524220792,
                36.67833558861436
              ],
              [
                137.02410776544627,
                36.678323187747466
              ],
              [
                137.02501625571455,
                36.678136655740275
              ],
              [
                137.02490840622932,
                36.67779039559211
              ],
              [
                137.02397591038746,
                36.67798226930467
              ]
            ]
          ]
        ]
      }
    },
    {
      "type": "Feature",
      "properties": {
        "OBJECTID": 242,
        "東西列No": "東C37",
        "品目": 4,
        "名前": "山本康芳",
        "面積": 3330,
        "田植え": null,
        "稲刈り": "2026/09/02"
      },
      "geometry": {
        "type": "MultiPolygon",
        "coordinates": [
          [
            [
              [
                137.02419205052254,
                36.678686660745406
              ],
              [
                137.02499461677024,
                36.67852116280225
              ],
              [
                137.02496941599182,
                36.67843787806271
              ],
              [
                137.02505090294446,
                36.67841958108231
              ],
              [
                137.02509925418818,
                36.67840887439284
              ],
              [
                137.02509054843287,
                36.678380713517036
              ],
              [
                137.02501625571455,
                36.678136655740275
              ],
              [
                137.02410776544627,
                36.678323187747466
              ],
              [
                137.02408524220792,
                36.67833558861436
              ],
              [
                137.02419205052254,
                36.678686660745406
              ]
            ]
          ]
        ]
      }
    },
    {
      "type": "Feature",
      "properties": {
        "OBJECTID": 243,
        "東西列No": "東C41",
        "品目": 4,
        "名前": "今村弘",
        "面積": 3220,
        "田植え": null,
        "稲刈り": "2026/09/02"
      },
      "geometry": {
        "type": "MultiPolygon",
        "coordinates": [
          [
            [
              [
                137.02430094298452,
                36.67905482239275
              ],
              [
                137.02524276171846,
                36.6788803417972
              ],
              [
                137.0251392571175,
                36.67854928163799
              ],
              [
                137.02513008309154,
                36.6785427999711
              ],
              [
                137.02510427061912,
                36.678542913484684
              ],
              [
                137.02420485426507,
                36.67872703271846
              ],
              [
                137.02421146797835,
                36.678738522179756
              ],
              [
                137.02430094298452,
                36.67905482239275
              ]
            ]
          ]
        ]
      }
    },
    {
      "type": "Feature",
      "properties": {
        "OBJECTID": 244,
        "東西列No": "東C42",
        "品目": 4,
        "名前": "太田勝",
        "面積": 3220,
        "田植え": null,
        "稲刈り": "2026/09/02"
      },
      "geometry": {
        "type": "MultiPolygon",
        "coordinates": [
          [
            [
              [
                137.02440488847247,
                36.67943044912628
              ],
              [
                137.0253522276713,
                36.67923758937763
              ],
              [
                137.02524276171846,
                36.6788803417972
              ],
              [
                137.02430094298452,
                36.67905482239275
              ],
              [
                137.02440488847247,
                36.67943044912628
              ]
            ]
          ]
        ]
      }
    },
    {
      "type": "Feature",
      "properties": {
        "OBJECTID": 245,
        "東西列No": "東C43",
        "品目": 4,
        "名前": "太田勝",
        "面積": 3220,
        "田植え": null,
        "稲刈り": "2026/09/06"
      },
      "geometry": {
        "type": "MultiPolygon",
        "coordinates": [
          [
            [
              [
                137.02445836108598,
                36.6798005180388
              ],
              [
                137.02486822616703,
                36.67971179498362
              ],
              [
                137.0248880348543,
                36.67972156977357
              ],
              [
                137.0254464213636,
                36.67960124442825
              ],
              [
                137.02545465539407,
                36.679595639589465
              ],
              [
                137.02546076003853,
                36.679585832538066
              ],
              [
                137.02546069769443,
                36.67957709062616
              ],
              [
                137.0253522276713,
                36.67923758937763
              ],
              [
                137.02440488847247,
                36.67943044912628
              ],
              [
                137.024426073786,
                36.679518938228846
              ],
              [
                137.02444213944352,
                36.67965345554952
              ],
              [
                137.02445836108598,
                36.6798005180388
              ]
            ]
          ]
        ]
      }
    },
    {
      "type": "Feature",
      "properties": {
        "OBJECTID": 246,
        "東西列No": "東C45",
        "品目": 4,
        "名前": "太田勝",
        "面積": 3320,
        "田植え": null,
        "稲刈り": "2026/09/02"
      },
      "geometry": {
        "type": "MultiPolygon",
        "coordinates": [
          [
            [
              [
                137.02473280607433,
                36.680480023115805
              ],
              [
                137.02568688659053,
                36.68028458228295
              ],
              [
                137.02557668937,
                36.67994012252062
              ],
              [
                137.02462476062317,
                36.68014190964339
              ],
              [
                137.02468667082368,
                36.68033564670383
              ],
              [
                137.02473280607433,
                36.680480023115805
              ]
            ]
          ]
        ]
      }
    },
    {
      "type": "Feature",
      "properties": {
        "OBJECTID": 247,
        "東西列No": "東C46",
        "品目": 4,
        "名前": "山田貴志",
        "面積": 3320,
        "田植え": null,
        "稲刈り": "2026/09/02"
      },
      "geometry": {
        "type": "MultiPolygon",
        "coordinates": [
          [
            [
              [
                137.02484521344778,
                36.68083181317741
              ],
              [
                137.0258021458061,
                36.68063933984758
              ],
              [
                137.02568688659053,
                36.68028458228295
              ],
              [
                137.02473280607433,
                36.680480023115805
              ],
              [
                137.02484521344778,
                36.68083181317741
              ]
            ]
          ]
        ]
      }
    },
    {
      "type": "Feature",
      "properties": {
        "OBJECTID": 252,
        "東西列No": "東C47",
        "品目": 4,
        "名前": "山田貴志",
        "面積": 2720,
        "田植え": null,
        "稲刈り": "2026/09/06"
      },
      "geometry": {
        "type": "MultiPolygon",
        "coordinates": [
          [
            [
              [
                137.02493482778374,
                36.681166371694076
              ],
              [
                137.02587856815586,
                36.6809638424698
              ],
              [
                137.02587030362164,
                36.68095542431405
              ],
              [
                137.02585964854174,
                36.68092030918851
              ],
              [
                137.02579149891116,
                36.68070408893976
              ],
              [
                137.02577156704197,
                36.68069416996037
              ],
              [
                137.0248488512656,
                36.68087981649817
              ],
              [
                137.02493482778374,
                36.681166371694076
              ]
            ]
          ]
        ]
      }
    },
    {
      "type": "Feature",
      "properties": {
        "OBJECTID": 253,
        "東西列No": "東B47",
        "品目": 1,
        "名前": "山田貴志",
        "面積": 2270,
        "田植え": null,
        "稲刈り": "2026/08/18"
      },
      "geometry": {
        "type": "MultiPolygon",
        "coordinates": [
          [
            [
              [
                137.02597771182644,
                36.68094664720335
              ],
              [
                137.02652659028155,
                36.68083501137859
              ],
              [
                137.02681644020169,
                36.68057608007527
              ],
              [
                137.02678513665796,
                36.68049398720203
              ],
              [
                137.0258893579569,
                36.68067328380037
              ],
              [
                137.02597771182644,
                36.68094664720335
              ]
            ]
          ]
        ]
      }
    },
    {
      "type": "Feature",
      "properties": {
        "OBJECTID": 255,
        "東西列No": "東A36",
        "品目": 2,
        "名前": "岡田義巳",
        "面積": 3000,
        "田植え": null,
        "稲刈り": null
      },
      "geometry": {
        "type": "MultiPolygon",
        "coordinates": [
          [
            [
              [
                137.02642751473172,
                36.677856090769325
              ],
              [
                137.02700564397884,
                36.67773597056412
              ],
              [
                137.02701310168382,
                36.67772639032173
              ],
              [
                137.0270160995297,
                36.67771438957745
              ],
              [
                137.02691118613177,
                36.67737945398628
              ],
              [
                137.02594709944418,
                36.67757985866358
              ],
              [
                137.02602055540146,
                36.67781778659591
              ],
              [
                137.02604676047503,
                36.67790305499396
              ],
              [
                137.0263182973271,
                36.67775454773789
              ],
              [
                137.02635202573651,
                36.677751189881455
              ],
              [
                137.02642751473172,
                36.677856090769325
              ]
            ]
          ]
        ]
      }
    },
    {
      "type": "Feature",
      "properties": {
        "OBJECTID": 256,
        "東西列No": "東A35",
        "品目": 2,
        "名前": "岡田義巳",
        "面積": 3370,
        "田植え": null,
        "稲刈り": null
      },
      "geometry": {
        "type": "MultiPolygon",
        "coordinates": [
          [
            [
              [
                137.02594709944418,
                36.67757985866358
              ],
              [
                137.02691118613177,
                36.67737945398628
              ],
              [
                137.0268031715777,
                36.67703373604163
              ],
              [
                137.02583880136413,
                36.677232310046534
              ],
              [
                137.02594709944418,
                36.67757985866358
              ]
            ]
          ]
        ]
      }
    },
    {
      "type": "Feature",
      "properties": {
        "OBJECTID": 257,
        "東西列No": "東A32",
        "品目": 2,
        "名前": "山本正誓",
        "面積": 2380,
        "田植え": null,
        "稲刈り": null
      },
      "geometry": {
        "type": "MultiPolygon",
        "coordinates": [
          [
            [
              [
                137.0256170176665,
                36.67652442700278
              ],
              [
                137.02658443901217,
                36.67632927397867
              ],
              [
                137.0265207990154,
                36.67612607291722
              ],
              [
                137.026460321573,
                36.67609159311491
              ],
              [
                137.02592882651638,
                36.67619891442766
              ],
              [
                137.0258876823369,
                36.676207625664006
              ],
              [
                137.025865170326,
                36.676208220891965
              ],
              [
                137.02585042983375,
                36.676205076226346
              ],
              [
                137.02583826501635,
                36.67619449953214
              ],
              [
                137.02582820281353,
                36.67617822059487
              ],
              [
                137.02582734589714,
                36.676175705175055
              ],
              [
                137.02552736672078,
                36.67623570479324
              ],
              [
                137.02556646843928,
                36.67635907419792
              ],
              [
                137.0256170176665,
                36.67652442700278
              ]
            ]
          ]
        ]
      }
    },
    {
      "type": "Feature",
      "properties": {
        "OBJECTID": 262,
        "東西列No": "東E1",
        "品目": 4,
        "名前": "山本信治",
        "面積": 2110,
        "田植え": null,
        "稲刈り": "2026/09/06"
      },
      "geometry": {
        "type": "MultiPolygon",
        "coordinates": [
          [
            [
              [
                137.02048720498084,
                36.672891546765506
              ],
              [
                137.02076316923979,
                36.67287128325653
              ],
              [
                137.02075316738686,
                36.67285346286818
              ],
              [
                137.02073537001613,
                36.67271587862896
              ],
              [
                137.02088593139365,
                36.672706347859034
              ],
              [
                137.02089390012654,
                36.67274034267215
              ],
              [
                137.02090807762514,
                36.67283984405145
              ],
              [
                137.02119152259397,
                36.6727977539131
              ],
              [
                137.02128319145513,
                36.67278219361418
              ],
              [
                137.0212630176345,
                36.67269414669103
              ],
              [
                137.02124955225716,
                36.67264999743761
              ],
              [
                137.02123756640145,
                36.6726341303171
              ],
              [
                137.0212145905477,
                36.67262016036281
              ],
              [
                137.02101192555673,
                36.67257742007869
              ],
              [
                137.0206869372765,
                36.67250892587215
              ],
              [
                137.0204617224816,
                36.672463967040564
              ],
              [
                137.02048720498084,
                36.672891546765506
              ]
            ]
          ]
        ]
      }
    },
    {
      "type": "Feature",
      "properties": {
        "OBJECTID": 265,
        "東西列No": "東A42",
        "品目": 2,
        "名前": "今村弘",
        "面積": 3390,
        "田植え": null,
        "稲刈り": null
      },
      "geometry": {
        "type": "MultiPolygon",
        "coordinates": [
          [
            [
              [
                137.02639935773993,
                36.679018325757916
              ],
              [
                137.0273464952122,
                36.678820096633814
              ],
              [
                137.02724151633433,
                36.67847022809127
              ],
              [
                137.02629035174206,
                36.678670227053374
              ],
              [
                137.02639935773993,
                36.679018325757916
              ]
            ]
          ]
        ]
      }
    },
    {
      "type": "Feature",
      "properties": {
        "OBJECTID": 270,
        "東西列No": "東D43-1",
        "品目": 2,
        "名前": "柴田実",
        "面積": 970,
        "田植え": null,
        "稲刈り": null
      },
      "geometry": {
        "type": "MultiPolygon",
        "coordinates": [
          [
            [
              [
                137.02435145787084,
                36.67945696227457
              ],
              [
                137.0243480603014,
                36.679442736955984
              ],
              [
                137.02369139566187,
                36.67957244707435
              ],
              [
                137.02376442551432,
                36.679771838718366
              ],
              [
                137.0243690717383,
                36.67965779325294
              ],
              [
                137.02437627486853,
                36.67959048970901
              ],
              [
                137.02437379871893,
                36.679568046362405
              ],
              [
                137.02437132257074,
                36.67954560301566
              ],
              [
                137.02436735799975,
                36.679523329122105
              ],
              [
                137.02436206168335,
                36.679501206844364
              ],
              [
                137.02435675418118,
                36.67947908455293
              ],
              [
                137.02435145787084,
                36.67945696227457
              ]
            ]
          ]
        ]
      }
    },
    {
      "type": "Feature",
      "properties": {
        "OBJECTID": 281,
        "東西列No": "東F3",
        "品目": 2,
        "名前": "山本亮二",
        "面積": 3680,
        "田植え": null,
        "稲刈り": null
      },
      "geometry": {
        "type": "MultiPolygon",
        "coordinates": [
          [
            [
              [
                137.01942330236332,
                36.673616386179894
              ],
              [
                137.0198247101127,
                36.67353480397492
              ],
              [
                137.02043132117984,
                36.67341206865736
              ],
              [
                137.02043012190808,
                36.673389563689156
              ],
              [
                137.02042892265402,
                36.67336704970866
              ],
              [
                137.02042773457148,
                36.673344544754016
              ],
              [
                137.0204265353188,
                36.67332203077334
              ],
              [
                137.0204253472376,
                36.673299525818486
              ],
              [
                137.02042414798623,
                36.67327701183761
              ],
              [
                137.02042294873556,
                36.67325449785665
              ],
              [
                137.02042176065638,
                36.67323199290151
              ],
              [
                137.02042056140704,
                36.67320947892036
              ],
              [
                137.02041928382624,
                36.67318697385512
              ],
              [
                137.02041779365967,
                36.673164477540936
              ],
              [
                137.02041630349393,
                36.67314198122667
              ],
              [
                137.02041481334612,
                36.673119475900066
              ],
              [
                137.02041332318208,
                36.673096979585594
              ],
              [
                137.0204118330189,
                36.673074483271
              ],
              [
                137.02041035404437,
                36.673051986970044
              ],
              [
                137.02040984279895,
                36.673044280899724
              ],
              [
                137.0193172140408,
                36.67327236695427
              ],
              [
                137.0193758584085,
                36.67346745477212
              ],
              [
                137.01942330236332,
                36.673616386179894
              ]
            ]
          ]
        ]
      }
    },
    {
      "type": "Feature",
      "properties": {
        "OBJECTID": 284,
        "東西列No": "東D41",
        "品目": 2,
        "名前": "今村弘",
        "面積": 2450,
        "田植え": null,
        "稲刈り": null
      },
      "geometry": {
        "type": "MultiPolygon",
        "coordinates": [
          [
            [
              [
                137.0235795481973,
                36.67885327850995
              ],
              [
                137.023633710162,
                36.679043855278074
              ],
              [
                137.0234321587143,
                36.67908350374515
              ],
              [
                137.02347894324896,
                36.679235090313554
              ],
              [
                137.02424859050203,
                36.67907989483291
              ],
              [
                137.02415747917436,
                36.67875913158236
              ],
              [
                137.02415979066998,
                36.67873734283631
              ],
              [
                137.0235795481973,
                36.67885327850995
              ]
            ]
          ]
        ]
      }
    },
    {
      "type": "Feature",
      "properties": {
        "OBJECTID": 286,
        "東西列No": "東D44",
        "品目": 2,
        "名前": "柴田実",
        "面積": 2250,
        "田植え": null,
        "稲刈り": null
      },
      "geometry": {
        "type": "MultiPolygon",
        "coordinates": [
          [
            [
              [
                137.0245339512896,
                36.680105527174305
              ],
              [
                137.02447959515519,
                36.68002674970166
              ],
              [
                137.02442525032032,
                36.67994797221681
              ],
              [
                137.02441092995608,
                36.67990467850977
              ],
              [
                137.0243987169042,
                36.6798404907219
              ],
              [
                137.024387392026,
                36.67980438151381
              ],
              [
                137.02353460996576,
                36.679973525292695
              ],
              [
                137.02358014754884,
                36.68010282582605
              ],
              [
                137.02389194726362,
                36.68004297151156
              ],
              [
                137.02396108016885,
                36.68026884611338
              ],
              [
                137.02456449387734,
                36.68014979551778
              ],
              [
                137.0245339512896,
                36.680105527174305
              ]
            ]
          ]
        ]
      }
    },
    {
      "type": "Feature",
      "properties": {
        "OBJECTID": 287,
        "東西列No": "東D43-2",
        "品目": 2,
        "名前": "柴田実",
        "面積": 1370,
        "田植え": null,
        "稲刈り": null
      },
      "geometry": {
        "type": "MultiPolygon",
        "coordinates": [
          [
            [
              [
                137.024387392026,
                36.67980438151381
              ],
              [
                137.0243690717383,
                36.67965779325294
              ],
              [
                137.02376442551432,
                36.679771838718366
              ],
              [
                137.02348616170775,
                36.67982342017277
              ],
              [
                137.02353460996576,
                36.679973525292695
              ],
              [
                137.024387392026,
                36.67980438151381
              ]
            ]
          ]
        ]
      }
    },
    {
      "type": "Feature",
      "properties": {
        "OBJECTID": 289,
        "東西列No": "東G25",
        "品目": 83,
        "名前": "松本哲男",
        "面積": 2230,
        "田植え": null,
        "稲刈り": null
      },
      "geometry": {
        "type": "MultiPolygon",
        "coordinates": [
          [
            [
              [
                137.02002650996613,
                36.675840236483324
              ],
              [
                137.01986536397578,
                36.67587149416148
              ],
              [
                137.01983608803977,
                36.6757705781037
              ],
              [
                137.01916553865277,
                36.675904537862785
              ],
              [
                137.01925858468846,
                36.67618969120968
              ],
              [
                137.02008488819223,
                36.676025414620135
              ],
              [
                137.02002650996613,
                36.675840236483324
              ]
            ]
          ]
        ]
      }
    },
    {
      "type": "Feature",
      "properties": {
        "OBJECTID": 293,
        "東西列No": "西A3-1",
        "品目": 83,
        "名前": "山本信治",
        "面積": 1590,
        "田植え": null,
        "稲刈り": null
      },
      "geometry": {
        "type": "MultiPolygon",
        "coordinates": [
          [
            [
              [
                137.01640264872967,
                36.67223858411759
              ],
              [
                137.0164106028956,
                36.67227903195826
              ],
              [
                137.01643374136518,
                36.67235272698685
              ],
              [
                137.0164388106486,
                36.67236821276028
              ],
              [
                137.016464159309,
                36.67244565424354
              ],
              [
                137.0164821055276,
                36.67251997356705
              ],
              [
                137.01649142828003,
                36.67255856661032
              ],
              [
                137.01650343698802,
                36.67263125624347
              ],
              [
                137.0165109931447,
                36.67272112655181
              ],
              [
                137.01654918431353,
                36.67269442644872
              ],
              [
                137.01659637102279,
                36.672673199070374
              ],
              [
                137.01667237228187,
                36.67264890776649
              ],
              [
                137.01670831171512,
                36.67264099524131
              ],
              [
                137.01667434414207,
                36.6723131421989
              ],
              [
                137.01707912344767,
                36.67224653735319
              ],
              [
                137.01723270151254,
                36.67223304961541
              ],
              [
                137.01722272747423,
                36.672149241530946
              ],
              [
                137.01722403362407,
                36.67208127304849
              ],
              [
                137.0170287688052,
                36.67211867188284
              ],
              [
                137.01640264872967,
                36.67223858411759
              ]
            ]
          ]
        ]
      }
    },
    {
      "type": "Feature",
      "properties": {
        "OBJECTID": 294,
        "東西列No": "西A11",
        "品目": 83,
        "名前": "川岸弘明",
        "面積": 900,
        "田植え": null,
        "稲刈り": null
      },
      "geometry": {
        "type": "MultiPolygon",
        "coordinates": [
          [
            [
              [
                137.01706431911606,
                36.67382978885068
              ],
              [
                137.01710214361026,
                36.673953993095026
              ],
              [
                137.01713921943036,
                36.67406448430509
              ],
              [
                137.01752426251423,
                36.673991130083145
              ],
              [
                137.01745393763932,
                36.67375783298643
              ],
              [
                137.01706431911606,
                36.67382978885068
              ]
            ]
          ]
        ]
      }
    },
    {
      "type": "Feature",
      "properties": {
        "OBJECTID": 295,
        "東西列No": "西B21",
        "品目": 83,
        "名前": "星野修",
        "面積": 1560,
        "田植え": null,
        "稲刈り": null
      },
      "geometry": {
        "type": "MultiPolygon",
        "coordinates": [
          [
            [
              [
                137.01653884709134,
                36.67498048710417
              ],
              [
                137.0165522995895,
                36.675076159658566
              ],
              [
                137.01658891490743,
                36.67519896111688
              ],
              [
                137.01661480922814,
                36.67528460973799
              ],
              [
                137.01710338886352,
                36.67519503014812
              ],
              [
                137.01699738355157,
                36.67489324928926
              ],
              [
                137.01661244550579,
                36.67493298638017
              ],
              [
                137.01661874014576,
                36.67496976412847
              ],
              [
                137.01653884709134,
                36.67498048710417
              ]
            ]
          ]
        ]
      }
    },
    {
      "type": "Feature",
      "properties": {
        "OBJECTID": 296,
        "東西列No": "東E4",
        "品目": 4,
        "名前": "柴田篤志",
        "面積": 2190,
        "田植え": null,
        "稲刈り": null
      },
      "geometry": {
        "type": "MultiPolygon",
        "coordinates": [
          [
            [
              [
                137.02053732878105,
                36.67376600022213
              ],
              [
                137.02065486882594,
                36.67413948428757
              ],
              [
                137.02063952798724,
                36.67415832803715
              ],
              [
                137.02116691679257,
                36.67405350362879
              ],
              [
                137.0211057406819,
                36.673756539564366
              ],
              [
                137.0210879137367,
                36.67365440490004
              ],
              [
                137.02053732878105,
                36.67376600022213
              ]
            ]
          ]
        ]
      }
    },
    {
      "type": "Feature",
      "properties": {
        "OBJECTID": 297,
        "東西列No": "東E23",
        "品目": 4,
        "名前": "柴田満彦",
        "面積": 1960,
        "田植え": null,
        "稲刈り": "2026/09/06"
      },
      "geometry": {
        "type": "MultiPolygon",
        "coordinates": [
          [
            [
              [
                137.02109377202686,
                36.67494478051848
              ],
              [
                137.02091424019494,
                36.674977441076294
              ],
              [
                137.02093941691848,
                36.67505751924196
              ],
              [
                137.02095460549836,
                36.67510582885512
              ],
              [
                137.02118157821135,
                36.67506456817212
              ],
              [
                137.02115904074353,
                36.67499803683229
              ],
              [
                137.02115260977897,
                36.674979031234706
              ],
              [
                137.0216224189471,
                36.67484993667289
              ],
              [
                137.02166080240943,
                36.67495886894572
              ],
              [
                137.02183984701418,
                36.674916756465244
              ],
              [
                137.0217541066533,
                36.6746393464333
              ],
              [
                137.02104903240664,
                36.67478471942692
              ],
              [
                137.02109377202686,
                36.67494478051848
              ]
            ]
          ]
        ]
      }
    },
    {
      "type": "Feature",
      "properties": {
        "OBJECTID": 298,
        "東西列No": "東E27",
        "品目": 4,
        "名前": "岡田義巳",
        "面積": 1820,
        "田植え": null,
        "稲刈り": "2026/09/06"
      },
      "geometry": {
        "type": "MultiPolygon",
        "coordinates": [
          [
            [
              [
                137.02131780041964,
                36.67626507700888
              ],
              [
                137.02141440938126,
                36.676571060224184
              ],
              [
                137.02188777433938,
                36.67647370638939
              ],
              [
                137.02231620699325,
                36.67638282826362
              ],
              [
                137.02232971174848,
                36.67638261031496
              ],
              [
                137.0223164251401,
                36.67633193658594
              ],
              [
                137.0222453392987,
                36.67634725226405
              ],
              [
                137.02187615361314,
                36.67642679633335
              ],
              [
                137.02180013174583,
                36.67617213512053
              ],
              [
                137.02131780041964,
                36.67626507700888
              ]
            ]
          ]
        ]
      }
    },
    {
      "type": "Feature",
      "properties": {
        "OBJECTID": 299,
        "東西列No": "東D34",
        "品目": 2,
        "名前": "柴田実",
        "面積": 2050,
        "田植え": null,
        "稲刈り": null
      },
      "geometry": {
        "type": "MultiPolygon",
        "coordinates": [
          [
            [
              [
                137.0238081079369,
                36.6776412264698
              ],
              [
                137.02369271572493,
                36.67729312667101
              ],
              [
                137.0232931462726,
                36.67737419414233
              ],
              [
                137.0232030907816,
                36.6773924651821
              ],
              [
                137.0232885749906,
                36.677619405384064
              ],
              [
                137.0228531646133,
                36.677744168058936
              ],
              [
                137.02287959552194,
                36.67783244750128
              ],
              [
                137.0238081079369,
                36.6776412264698
              ]
            ]
          ]
        ]
      }
    },
    {
      "type": "Feature",
      "properties": {
        "OBJECTID": 300,
        "東西列No": "東B31",
        "品目": 1,
        "名前": "岡田義巳",
        "面積": 1680,
        "田植え": null,
        "稲刈り": "2026/08/17"
      },
      "geometry": {
        "type": "MultiPolygon",
        "coordinates": [
          [
            [
              [
                137.02484893671286,
                36.67594463357116
              ],
              [
                137.0249360732635,
                36.67617526962238
              ],
              [
                137.02497874694004,
                36.676288607475456
              ],
              [
                137.02501203679236,
                36.67628186629208
              ],
              [
                137.02544507781923,
                36.676192132341676
              ],
              [
                137.02534743193183,
                36.67587082136244
              ],
              [
                137.025339289186,
                36.67584508184062
              ],
              [
                137.02484893671286,
                36.67594463357116
              ]
            ]
          ]
        ]
      }
    },
    {
      "type": "Feature",
      "properties": {
        "OBJECTID": 301,
        "東西列No": "東B35",
        "品目": 1,
        "名前": "岡野恵子",
        "面積": 2080,
        "田植え": null,
        "稲刈り": "2026/08/17"
      },
      "geometry": {
        "type": "MultiPolygon",
        "coordinates": [
          [
            [
              [
                137.02487523246688,
                36.677430507684115
              ],
              [
                137.0249078865515,
                36.677536998751
              ],
              [
                137.02532780266688,
                36.67744549224808
              ],
              [
                137.02539181924942,
                36.67758846576695
              ],
              [
                137.02540146020593,
                36.67760999474948
              ],
              [
                137.02543386197033,
                36.677682350735374
              ],
              [
                137.0258814986234,
                36.6775934886949
              ],
              [
                137.02585926313427,
                36.677521940628246
              ],
              [
                137.02584966372973,
                36.677491054356636
              ],
              [
                137.02577130415557,
                36.67724299078371
              ],
              [
                137.02487523246688,
                36.677430507684115
              ]
            ]
          ]
        ]
      }
    },
    {
      "type": "Feature",
      "properties": {
        "OBJECTID": 302,
        "東西列No": "東B46",
        "品目": 1,
        "名前": "山田貴志",
        "面積": 2000,
        "田植え": null,
        "稲刈り": "2026/08/18"
      },
      "geometry": {
        "type": "MultiPolygon",
        "coordinates": [
          [
            [
              [
                137.0261015541126,
                36.68040426787269
              ],
              [
                137.0261156915305,
                36.68042568854148
              ],
              [
                137.02607272965386,
                36.68044150290878
              ],
              [
                137.026141735448,
                36.68057856443425
              ],
              [
                137.026200224662,
                36.68056686530639
              ],
              [
                137.0267653265528,
                36.68045385962749
              ],
              [
                137.02676721850565,
                36.68044093835117
              ],
              [
                137.02676338731865,
                36.68041874580654
              ],
              [
                137.0267574299134,
                36.68039673100773
              ],
              [
                137.02673862871217,
                36.68033086576147
              ],
              [
                137.02666216676607,
                36.680088302561636
              ],
              [
                137.026213717701,
                36.68018575515789
              ],
              [
                137.0262794360604,
                36.680305658904736
              ],
              [
                137.02627604464723,
                36.68031245911987
              ],
              [
                137.02622437248542,
                36.68033801087195
              ],
              [
                137.02623425422402,
                36.68035542508973
              ],
              [
                137.0261015541126,
                36.68040426787269
              ]
            ]
          ]
        ]
      }
    },
    {
      "type": "Feature",
      "properties": {
        "OBJECTID": 315,
        "東西列No": "東G1",
        "品目": 2,
        "名前": "山本亮二",
        "面積": 3720,
        "田植え": null,
        "稲刈り": null
      },
      "geometry": {
        "type": "MultiPolygon",
        "coordinates": [
          [
            [
              [
                137.01774075912314,
                36.67198382237694
              ],
              [
                137.01775679314568,
                36.671994386717564
              ],
              [
                137.01775729995842,
                36.672028638273154
              ],
              [
                137.01775875286629,
                36.67212695884478
              ],
              [
                137.01777060821126,
                36.67223918474925
              ],
              [
                137.0177914602052,
                36.672350556724744
              ],
              [
                137.01781084548293,
                36.67243930620409
              ],
              [
                137.01778447484637,
                36.672445644875474
              ],
              [
                137.01778736010357,
                36.672457878056825
              ],
              [
                137.01824240072207,
                36.672376497975726
              ],
              [
                137.01894393159796,
                36.67223535574561
              ],
              [
                137.01891174683175,
                36.672140471273465
              ],
              [
                137.01857223049151,
                36.67207140352439
              ],
              [
                137.01848250896956,
                36.67205176245126
              ],
              [
                137.01845687098222,
                36.67204369165243
              ],
              [
                137.01842062606934,
                36.672024459535564
              ],
              [
                137.01836656374434,
                36.67198533328838
              ],
              [
                137.01833162154816,
                36.67196005557031
              ],
              [
                137.01831249026912,
                36.67194621601476
              ],
              [
                137.01829397669388,
                36.671939298606716
              ],
              [
                137.01827404448358,
                36.67193123487683
              ],
              [
                137.0182569541125,
                36.67192891546593
              ],
              [
                137.01822332179978,
                36.67192998205231
              ],
              [
                137.01774075912314,
                36.67198382237694
              ]
            ]
          ]
        ]
      }
    },
    {
      "type": "Feature",
      "properties": {
        "OBJECTID": 324,
        "東西列No": "東B41",
        "品目": 1,
        "名前": "柴田実",
        "面積": 1900,
        "田植え": null,
        "稲刈り": "2026/08/17"
      },
      "geometry": {
        "type": "MultiPolygon",
        "coordinates": [
          [
            [
              [
                137.02558600419374,
                36.67844317931944
              ],
              [
                137.0257005507069,
                36.67878759744292
              ],
              [
                137.0257177083622,
                36.67878404170886
              ],
              [
                137.026222844869,
                36.678679412005245
              ],
              [
                137.02618077834376,
                36.67854856824597
              ],
              [
                137.02605644824368,
                36.6785740251844
              ],
              [
                137.0259937147581,
                36.67837045548748
              ],
              [
                137.02611412759975,
                36.67834550768579
              ],
              [
                137.0261187941234,
                36.67833273388525
              ],
              [
                137.0256110740196,
                36.678437990949845
              ],
              [
                137.02558600419374,
                36.67844317931944
              ]
            ]
          ]
        ]
      }
    },
    {
      "type": "Feature",
      "properties": {
        "OBJECTID": 326,
        "東西列No": "東D27",
        "品目": 2,
        "名前": "岡田義巳",
        "面積": 3260,
        "田植え": null,
        "稲刈り": null
      },
      "geometry": {
        "type": "MultiPolygon",
        "coordinates": [
          [
            [
              [
                137.0223123954007,
                36.67601556712
              ],
              [
                137.02241318886578,
                36.67633245217642
              ],
              [
                137.02242048893257,
                36.67635540429969
              ],
              [
                137.0233460726221,
                36.67616587034501
              ],
              [
                137.02331889131935,
                36.676147380625586
              ],
              [
                137.02322645264417,
                36.676084497481625
              ],
              [
                137.02320987406898,
                36.676071094381236
              ],
              [
                137.02320991312152,
                36.67605005993207
              ],
              [
                137.0232285881939,
                36.675868288140386
              ],
              [
                137.0232319538778,
                36.67582716948223
              ],
              [
                137.0223123954007,
                36.67601556712
              ]
            ]
          ]
        ]
      }
    },
    {
      "type": "Feature",
      "properties": {
        "OBJECTID": 327,
        "東西列No": "西A27",
        "品目": 1,
        "名前": "松井宏道",
        "面積": 2150,
        "田植え": null,
        "稲刈り": "2026/08/19"
      },
      "geometry": {
        "type": "MultiPolygon",
        "coordinates": [
          [
            [
              [
                137.01759641561188,
                36.67686099631263
              ],
              [
                137.01778041352807,
                36.677021373415904
              ],
              [
                137.01872668685778,
                36.6768524382884
              ],
              [
                137.0186818287246,
                36.67661779749264
              ],
              [
                137.01819927042166,
                36.67668048689317
              ],
              [
                137.01759641561188,
                36.67686099631263
              ]
            ]
          ]
        ]
      }
    },
    {
      "type": "Feature",
      "properties": {
        "OBJECTID": 329,
        "東西列No": "東C44",
        "品目": 4,
        "名前": "太田勝",
        "面積": 2280,
        "田植え": null,
        "稲刈り": "2026/09/06"
      },
      "geometry": {
        "type": "MultiPolygon",
        "coordinates": [
          [
            [
              [
                137.02546826634693,
                36.679635570780476
              ],
              [
                137.02545753781456,
                36.67963471992419
              ],
              [
                137.0251196360302,
                36.679707533907674
              ],
              [
                137.02489915108032,
                36.67975504532046
              ],
              [
                137.0249733573859,
                36.679930943707404
              ],
              [
                137.02457970377932,
                36.6800745167091
              ],
              [
                137.02462476062317,
                36.68014190964339
              ],
              [
                137.025026452764,
                36.68005682624374
              ],
              [
                137.0252140502989,
                36.68001703774868
              ],
              [
                137.02557668937,
                36.67994012252062
              ],
              [
                137.02548190231172,
                36.67964345460204
              ],
              [
                137.02547637076987,
                36.67963966291809
              ],
              [
                137.02546826634693,
                36.679635570780476
              ]
            ]
          ]
        ]
      }
    },
    {
      "type": "Feature",
      "properties": {
        "OBJECTID": 335,
        "東西列No": "東G31",
        "品目": 1,
        "名前": "上野毅",
        "面積": 2640,
        "田植え": null,
        "稲刈り": "2026/08/19"
      },
      "geometry": {
        "type": "MultiPolygon",
        "coordinates": [
          [
            [
              [
                137.0195517530547,
                36.67702559445645
              ],
              [
                137.01967292409742,
                36.67737016179808
              ],
              [
                137.02044620352888,
                36.67721249983597
              ],
              [
                137.02037631932444,
                36.676967774036704
              ],
              [
                137.02024504085492,
                36.67690223814478
              ],
              [
                137.0195517530547,
                36.67702559445645
              ]
            ]
          ]
        ]
      }
    },
    {
      "type": "Feature",
      "properties": {
        "OBJECTID": 337,
        "東西列No": "東G35",
        "品目": 1,
        "名前": "上野毅",
        "面積": 3180,
        "田植え": null,
        "稲刈り": "2026/08/19"
      },
      "geometry": {
        "type": "MultiPolygon",
        "coordinates": [
          [
            [
              [
                137.01988666437467,
                36.678445194985976
              ],
              [
                137.0198981304213,
                36.678528878430306
              ],
              [
                137.01989664716695,
                36.678585229920174
              ],
              [
                137.01989363411428,
                36.67867531220679
              ],
              [
                137.01988976401415,
                36.67871944831469
              ],
              [
                137.020157183613,
                36.67866591707801
              ],
              [
                137.02016837918086,
                36.678695333169635
              ],
              [
                137.02019349006193,
                36.67875252847332
              ],
              [
                137.02088117830303,
                36.67861174553475
              ],
              [
                137.02077338047638,
                36.678265373603615
              ],
              [
                137.01988666437467,
                36.678445194985976
              ]
            ]
          ]
        ]
      }
    },
    {
      "type": "Feature",
      "properties": {
        "OBJECTID": 338,
        "東西列No": "東C1",
        "品目": 7,
        "名前": "柴田満彦",
        "面積": 700,
        "田植え": null,
        "稲刈り": null
      },
      "geometry": {
        "type": "MultiPolygon",
        "coordinates": [
          [
            [
              [
                137.02276434437377,
                36.672353377216645
              ],
              [
                137.02282898623332,
                36.672563145207675
              ],
              [
                137.02280187119027,
                36.67256870363345
              ],
              [
                137.02285610998288,
                36.67255771566091
              ],
              [
                137.02315450589356,
                36.67249726209287
              ],
              [
                137.02309509443188,
                36.67228939314607
              ],
              [
                137.022791839878,
                36.67234833926355
              ],
              [
                137.02276434437377,
                36.672353377216645
              ]
            ]
          ]
        ]
      }
    },
    {
      "type": "Feature",
      "properties": {
        "OBJECTID": 340,
        "東西列No": "西A42",
        "品目": 83,
        "名前": "松本哲男",
        "面積": 3640,
        "田植え": null,
        "稲刈り": null
      },
      "geometry": {
        "type": "MultiPolygon",
        "coordinates": [
          [
            [
              [
                137.01832573636062,
                36.68035000877371
              ],
              [
                137.0182528475311,
                36.6803638057578
              ],
              [
                137.01755214194927,
                36.68049641012633
              ],
              [
                137.0176690424961,
                36.68091496592929
              ],
              [
                137.01767238596608,
                36.68092530890981
              ],
              [
                137.01888292160618,
                36.68052025712052
              ],
              [
                137.01888972421887,
                36.680432657946994
              ],
              [
                137.018584701304,
                36.68048577546702
              ],
              [
                137.0184620286237,
                36.680507549545275
              ],
              [
                137.0183974835153,
                36.68052297018541
              ],
              [
                137.01837841757813,
                36.680522946445045
              ],
              [
                137.01836209436917,
                36.68051634721009
              ],
              [
                137.0183471692471,
                36.68048671452618
              ],
              [
                137.01833966102177,
                36.68044148645113
              ],
              [
                137.01832573636062,
                36.68035000877371
              ]
            ]
          ]
        ]
      }
    },
    {
      "type": "Feature",
      "properties": {
        "OBJECTID": 341,
        "東西列No": "東A37",
        "品目": 2,
        "名前": "岡田義巳",
        "面積": 2360,
        "田植え": null,
        "稲刈り": null
      },
      "geometry": {
        "type": "MultiPolygon",
        "coordinates": [
          [
            [
              [
                137.02624223697714,
                36.67808727345927
              ],
              [
                137.02629687578641,
                36.678255193823695
              ],
              [
                137.02629688231454,
                36.67825529566933
              ],
              [
                137.0270993644414,
                36.67809237803579
              ],
              [
                137.02711074737536,
                36.67808390187736
              ],
              [
                137.02711953916273,
                36.67807287222701
              ],
              [
                137.02711962655314,
                36.67805546074631
              ],
              [
                137.0270299904779,
                36.67776681185036
              ],
              [
                137.0264422517227,
                36.67788601062524
              ],
              [
                137.02650807853897,
                36.6779822573761
              ],
              [
                137.0262867359271,
                36.67807393017979
              ],
              [
                137.02624223697714,
                36.67808727345927
              ]
            ]
          ]
        ]
      }
    },
    {
      "type": "Feature",
      "properties": {
        "OBJECTID": 342,
        "東西列No": "東C27",
        "品目": 4,
        "名前": "山本正誓",
        "面積": 2050,
        "田植え": null,
        "稲刈り": "2026/09/02"
      },
      "geometry": {
        "type": "MultiPolygon",
        "coordinates": [
          [
            [
              [
                137.02413779718376,
                36.6756839896133
              ],
              [
                137.02411770970727,
                36.67565007064902
              ],
              [
                137.02361018373207,
                36.67574918216236
              ],
              [
                137.0236008878836,
                36.675750734613686
              ],
              [
                137.02368079370945,
                36.676014159231265
              ],
              [
                137.0235910768623,
                36.67603051047504
              ],
              [
                137.02360182373815,
                36.67607676593288
              ],
              [
                137.02361422837367,
                36.67611475648133
              ],
              [
                137.0237058481406,
                36.67609675646809
              ],
              [
                137.02425319322546,
                36.67598731642309
              ],
              [
                137.02417016728182,
                36.67571298458053
              ],
              [
                137.02413779718376,
                36.6756839896133
              ]
            ]
          ]
        ]
      }
    },
    {
      "type": "Feature",
      "properties": {
        "OBJECTID": 345,
        "東西列No": "常境1",
        "品目": 85,
        "名前": "今村弘",
        "面積": 2770,
        "田植え": null,
        "稲刈り": null
      },
      "geometry": {
        "type": "MultiPolygon",
        "coordinates": [
          [
            [
              [
                137.02810596326282,
                36.67987405885392
              ],
              [
                137.02799240287658,
                36.679783119698364
              ],
              [
                137.0279262113594,
                36.679827641293436
              ],
              [
                137.02788475242343,
                36.679855527211274
              ],
              [
                137.0277556833539,
                36.679946356722894
              ],
              [
                137.02767807080923,
                36.6800009738443
              ],
              [
                137.0275357415862,
                36.68009971747541
              ],
              [
                137.027432395092,
                36.68017870130188
              ],
              [
                137.02733128477848,
                36.68025597533528
              ],
              [
                137.02725429948316,
                36.680314843066
              ],
              [
                137.027154607039,
                36.68039488985962
              ],
              [
                137.0272839943593,
                36.68055080828896
              ],
              [
                137.02745808383452,
                36.68047606644836
              ],
              [
                137.0275130417037,
                36.68045247364883
              ],
              [
                137.02764349063372,
                36.680396945918346
              ],
              [
                137.0277579874136,
                36.68034820905812
              ],
              [
                137.027769123756,
                36.68034012007728
              ],
              [
                137.0277891781467,
                36.680325543697656
              ],
              [
                137.0278073476794,
                36.6803075855405
              ],
              [
                137.02782782621486,
                36.680287349985186
              ],
              [
                137.0278833013486,
                36.680217963907914
              ],
              [
                137.02794487123904,
                36.68014095517242
              ],
              [
                137.02798244626274,
                36.68009395703795
              ],
              [
                137.02803825005705,
                36.68000961371423
              ],
              [
                137.02806643092308,
                36.6799662770888
              ],
              [
                137.0281196364262,
                36.67988445862401
              ],
              [
                137.02810596326282,
                36.67987405885392
              ]
            ]
          ]
        ]
      }
    },
    {
      "type": "Feature",
      "properties": {
        "OBJECTID": 349,
        "東西列No": "西C41",
        "品目": 83,
        "名前": "松本哲男",
        "面積": 2130,
        "田植え": null,
        "稲刈り": null
      },
      "geometry": {
        "type": "MultiPolygon",
        "coordinates": [
          [
            [
              [
                137.01748609192353,
                36.68052043504057
              ],
              [
                137.0173804740202,
                36.68016998937735
              ],
              [
                137.01737797930966,
                36.68016398412316
              ],
              [
                137.01736287726067,
                36.68015665629351
              ],
              [
                137.0167976524946,
                36.680286695315836
              ],
              [
                137.01689738595883,
                36.68062959087326
              ],
              [
                137.01748609192353,
                36.68052043504057
              ]
            ]
          ]
        ]
      }
    },
    {
      "type": "Feature",
      "properties": {
        "OBJECTID": 350,
        "東西列No": "西E33",
        "品目": 1,
        "名前": "川岸弘明",
        "面積": 2950,
        "田植え": null,
        "稲刈り": "2026/08/20"
      },
      "geometry": {
        "type": "MultiPolygon",
        "coordinates": [
          [
            [
              [
                137.01443930605805,
                36.678810938750345
              ],
              [
                137.0143652851602,
                36.67854802119567
              ],
              [
                137.01329070872907,
                36.678753616322595
              ],
              [
                137.01336453843976,
                36.67901528159008
              ],
              [
                137.01443930605805,
                36.678810938750345
              ]
            ]
          ]
        ]
      }
    },
    {
      "type": "Feature",
      "properties": {
        "OBJECTID": 351,
        "東西列No": "西E32",
        "品目": 1,
        "名前": "川岸弘明",
        "面積": 2940,
        "田植え": null,
        "稲刈り": "2026/08/20"
      },
      "geometry": {
        "type": "MultiPolygon",
        "coordinates": [
          [
            [
              [
                137.0143652851602,
                36.67854802119567
              ],
              [
                137.0142925608551,
                36.67829168415241
              ],
              [
                137.01321571532318,
                36.67848660526166
              ],
              [
                137.01329070872907,
                36.678753616322595
              ],
              [
                137.0143652851602,
                36.67854802119567
              ]
            ]
          ]
        ]
      }
    },
    {
      "type": "Feature",
      "properties": {
        "OBJECTID": 352,
        "東西列No": "東G26",
        "品目": 1,
        "名前": "松本哲男",
        "面積": 5730,
        "田植え": null,
        "稲刈り": "2026/08/17"
      },
      "geometry": {
        "type": "MultiPolygon",
        "coordinates": [
          [
            [
              [
                137.02010618343533,
                36.67609296390315
              ],
              [
                137.02008488819223,
                36.676025414620135
              ],
              [
                137.01925858468846,
                36.67618969120968
              ],
              [
                137.01878978965152,
                36.676285333359175
              ],
              [
                137.0188035733419,
                36.676361521658464
              ],
              [
                137.01886765278064,
                36.67671051784717
              ],
              [
                137.01950670066242,
                36.6765855204589
              ],
              [
                137.0195145500015,
                36.67658398546582
              ],
              [
                137.0201960149778,
                36.676446803607824
              ],
              [
                137.02021292746886,
                36.67644081867234
              ],
              [
                137.02010618343533,
                36.67609296390315
              ]
            ]
          ]
        ]
      }
    },
    {
      "type": "Feature",
      "properties": {
        "OBJECTID": 354,
        "東西列No": "東E2",
        "品目": 4,
        "名前": "山本信治",
        "面積": 2070,
        "田植え": null,
        "稲刈り": null
      },
      "geometry": {
        "type": "MultiPolygon",
        "coordinates": [
          [
            [
              [
                137.02088760019964,
                36.672889234757584
              ],
              [
                137.02086155091433,
                36.67286168857969
              ],
              [
                137.02076316923979,
                36.67287128325653
              ],
              [
                137.02048721581065,
                36.67289173603528
              ],
              [
                137.02050597264304,
                36.67320976221739
              ],
              [
                137.02050726587092,
                36.673231697728966
              ],
              [
                137.02050779270454,
                36.67324063218243
              ],
              [
                137.02050792061357,
                36.67324280428278
              ],
              [
                137.02050805071582,
                36.67324499981757
              ],
              [
                137.02050828811957,
                36.673249024062095
              ],
              [
                137.02051687473667,
                36.67339459986459
              ],
              [
                137.0209906743198,
                36.673298506361384
              ],
              [
                137.02095572649498,
                36.67315974221418
              ],
              [
                137.02095490252222,
                36.67315647067382
              ],
              [
                137.0209543184146,
                36.67315415021543
              ],
              [
                137.02095368988182,
                36.6731516566682
              ],
              [
                137.02095152223455,
                36.673143050055934
              ],
              [
                137.02094620084512,
                36.67312191891673
              ],
              [
                137.02088760019964,
                36.672889234757584
              ]
            ]
          ]
        ]
      }
    }
  ]
}